customer_id,recency,frequency,monetary,r_score,f_score,m_score,rfm_score,segment
C001,2,10,2257.2799999999997,4,4,3,11,重要价值用户
C002,18,4,986.51,3,1,2,6,新近潜力用户
C003,12,9,2295.97,3,3,3,9,重要价值用户
C004,14,10,2177.86,3,4,3,10,重要价值用户
C005,2,7,2539.97,4,2,4,10,新近潜力用户
C006,160,2,834.1,1,1,1,3,一般/沉睡用户
C007,104,4,1221.47,1,1,2,4,一般/沉睡用户
C008,77,5,1749.19,1,2,2,5,一般/沉睡用户
C009,28,10,2835.58,2,4,4,10,重要挽回用户
C010,5,11,2563.39,4,4,4,12,重要价值用户
C011,21,4,1455.16,2,2,2,6,一般/沉睡用户
C012,104,1,127.0,1,1,1,3,一般/沉睡用户
C013,7,9,2174.09,4,3,3,10,重要价值用户
C014,22,6,1559.39,2,2,2,6,一般/沉睡用户
C015,8,10,2506.63,3,4,4,11,重要价值用户
C016,7,5,1854.3,4,2,3,9,新近潜力用户
C017,54,7,1463.03,1,3,2,6,普通保持用户
C018,14,8,2881.63,3,3,4,10,重要价值用户
C019,25,9,1866.09,2,3,3,8,重要挽回用户
C020,3,6,1906.56,4,2,3,9,新近潜力用户
C021,10,2,615.99,3,1,1,5,新近潜力用户
C022,55,3,1156.93,1,1,2,4,一般/沉睡用户
C023,75,1,137.97,1,1,1,3,一般/沉睡用户
C024,4,5,1463.32,4,2,2,8,新近潜力用户
C025,83,2,618.59,1,1,1,3,一般/沉睡用户
C026,4,10,3218.99,4,4,4,12,重要价值用户
C027,34,11,2519.21,2,4,4,10,重要挽回用户
C028,20,10,3567.05,2,4,4,10,重要挽回用户
C029,1,3,498.92999999999995,4,1,1,6,新近潜力用户
C030,37,5,1089.47,2,2,2,6,一般/沉睡用户
C031,3,6,1519.25,4,2,2,8,新近潜力用户
C032,11,2,425.28,3,1,1,5,新近潜力用户
C033,8,11,3100.11,3,4,4,11,重要价值用户
C034,38,6,1601.55,2,2,2,6,一般/沉睡用户
C035,51,4,778.05,1,2,1,4,一般/沉睡用户
C036,2,5,1415.73,4,2,2,8,新近潜力用户
C037,9,1,407.05,3,1,1,5,新近潜力用户
C038,2,10,2029.77,4,4,3,11,重要价值用户
C039,21,10,2723.62,2,4,4,10,重要挽回用户
C040,26,9,2737.68,2,3,4,9,重要挽回用户
C041,46,8,2477.75,1,3,4,8,重要挽回用户
C042,25,9,1923.9,2,3,3,8,重要挽回用户
C043,54,8,2519.0099999999998,1,3,4,8,重要挽回用户
C044,16,7,2146.55,3,3,3,9,重要价值用户
C045,5,11,3253.03,4,4,4,12,重要价值用户
C046,33,4,1423.17,2,2,2,6,一般/沉睡用户
C047,51,4,860.8299999999999,1,2,1,4,一般/沉睡用户
C048,12,2,223.38,3,1,1,5,新近潜力用户
C049,10,7,1243.0,3,3,2,8,普通保持用户
C050,33,2,392.54,2,1,1,4,一般/沉睡用户
C051,22,3,835.83,2,1,1,4,一般/沉睡用户
C052,8,11,2440.34,3,4,3,10,重要价值用户
C053,33,1,439.62,2,1,1,4,一般/沉睡用户
C054,17,11,3982.4700000000003,3,4,4,11,重要价值用户
C055,4,9,2179.04,4,3,3,10,重要价值用户
C056,8,8,1678.5300000000002,3,3,2,8,普通保持用户
C057,13,10,1852.3,3,4,3,10,重要价值用户
C058,24,6,1921.81,2,2,3,7,重要挽回用户
C059,6,10,2520.36,4,4,4,12,重要价值用户
C060,51,6,2045.98,1,2,3,6,重要挽回用户
C061,15,4,528.3199999999999,3,2,1,6,新近潜力用户
C062,11,10,4049.03,3,4,4,11,重要价值用户
C063,10,11,2151.52,3,4,3,10,重要价值用户
C064,46,6,1642.25,1,2,2,5,一般/沉睡用户
C065,179,1,297.1,1,1,1,3,一般/沉睡用户
C066,3,8,1670.6499999999999,4,3,2,9,普通保持用户
C067,44,3,575.28,2,1,1,4,一般/沉睡用户
C068,50,8,2493.0099999999998,1,3,4,8,重要挽回用户
C069,7,11,3021.36,4,4,4,12,重要价值用户
C070,4,8,1799.1200000000001,4,3,3,10,重要价值用户
C071,123,3,919.5699999999999,1,1,1,3,一般/沉睡用户
C072,42,10,2854.4,2,4,4,10,重要挽回用户
C073,1,8,1772.42,4,3,3,10,重要价值用户
C074,18,5,2042.6100000000001,3,2,3,8,新近潜力用户
C075,94,1,28.64,1,1,1,3,一般/沉睡用户
C076,2,7,1640.39,4,3,2,9,普通保持用户
C077,60,2,308.6,1,1,1,3,一般/沉睡用户
C078,66,9,2204.25,1,3,3,7,重要挽回用户
C079,30,7,1359.16,2,3,2,7,普通保持用户
C080,14,6,1692.04,3,2,2,7,新近潜力用户
