customer_id,order_date,amount
C001,2026-02-02,293.03
C001,2026-04-26,197.96
C001,2026-03-05,207.42
C001,2026-05-12,227.31
C001,2026-06-15,162.36
C001,2026-01-29,93.12
C001,2026-02-20,210.98
C001,2026-06-28,124.77
C001,2026-03-07,281.69
C001,2026-02-07,458.64
C002,2026-03-17,185.65
C002,2026-06-12,253.79
C002,2026-04-08,367.34
C002,2026-03-30,179.73
C003,2026-03-31,395.59
C003,2026-06-18,235.38
C003,2026-03-16,505.95
C003,2026-02-01,101.39
C003,2026-06-12,98.5
C003,2026-04-20,277.37
C003,2026-03-16,92.56
C003,2026-02-18,442.01
C003,2026-01-05,147.22
C004,2026-04-19,133.12
C004,2026-04-14,292.37
C004,2026-06-10,135.76
C004,2026-01-13,306.39
C004,2026-04-09,120.91
C004,2026-01-25,258.05
C004,2026-03-14,61.03
C004,2026-01-06,510.0
C004,2026-04-29,337.51
C004,2026-06-16,22.72
C005,2026-06-28,592.17
C005,2026-06-08,422.46
C005,2026-02-16,157.45
C005,2026-03-27,533.37
C005,2026-03-24,92.54
C005,2026-04-28,372.11
C005,2026-01-25,369.87
C006,2026-01-08,542.57
C006,2026-01-21,291.53
C007,2026-02-12,329.49
C007,2026-02-17,187.66
C007,2026-03-18,378.45
C007,2026-02-16,325.87
C008,2026-04-14,444.33
C008,2026-01-22,133.24
C008,2026-04-12,518.83
C008,2026-01-14,134.37
C008,2026-02-10,518.42
C009,2026-03-27,464.14
C009,2026-05-14,158.33
C009,2026-05-14,211.52
C009,2026-04-14,286.43
C009,2026-06-02,263.57
C009,2026-05-20,254.0
C009,2026-03-15,296.16
C009,2026-02-08,260.57
C009,2026-03-07,266.94
C009,2026-02-18,373.92
C010,2026-04-06,277.71
C010,2026-01-20,147.48
C010,2026-06-25,125.61
C010,2026-04-27,63.25
C010,2026-03-29,159.68
C010,2026-01-02,139.34
C010,2026-06-20,226.84
C010,2026-05-31,356.91
C010,2026-01-22,731.1
C010,2026-01-10,114.1
C010,2026-06-18,221.37
C011,2026-04-26,399.51
C011,2026-06-09,273.6
C011,2026-06-07,714.88
C011,2026-01-25,67.17
C012,2026-03-18,127.0
C013,2026-01-26,261.98
C013,2026-06-09,185.21
C013,2026-03-27,184.25
C013,2026-03-05,449.67
C013,2026-02-10,95.18
C013,2026-04-02,242.77
C013,2026-02-21,136.12
C013,2026-02-27,330.08
C013,2026-06-23,288.83
C014,2026-01-11,257.28
C014,2026-03-13,589.08
C014,2026-05-05,41.0
C014,2026-04-04,181.78
C014,2026-05-25,251.71
C014,2026-06-08,238.54
C015,2026-06-22,205.74
C015,2026-05-26,198.83
C015,2026-01-27,152.55
C015,2026-04-22,276.91
C015,2026-05-21,165.35
C015,2026-04-24,20.0
C015,2026-02-22,302.22
C015,2026-05-31,347.19
C015,2026-05-21,442.48
C015,2026-06-08,395.36
C016,2026-02-15,259.78
C016,2026-06-23,669.94
C016,2026-01-31,415.31
C016,2026-04-05,306.29
C016,2026-04-07,202.98
C017,2026-02-20,250.81
C017,2026-04-18,324.95
C017,2026-05-07,34.5
C017,2026-04-19,276.29
C017,2026-02-12,305.63
C017,2026-02-26,73.5
C017,2026-03-09,197.35
C018,2026-06-16,73.89
C018,2026-04-12,348.42
C018,2026-06-10,572.84
C018,2026-02-22,193.24
C018,2026-05-11,495.84
C018,2026-01-14,362.66
C018,2026-03-18,515.13
C018,2026-05-07,319.61
C019,2026-02-09,380.75
C019,2026-02-19,141.56
C019,2026-01-17,195.98
C019,2026-04-17,59.68
C019,2026-02-10,338.03
C019,2026-06-05,152.45
C019,2026-01-25,239.49
C019,2026-05-22,211.21
C019,2026-02-05,146.94
C020,2026-06-01,641.13
C020,2026-06-27,212.47
C020,2026-03-29,255.27
C020,2026-02-06,423.51
C020,2026-05-17,289.81
C020,2026-03-02,84.37
C021,2026-06-20,99.3
C021,2026-02-25,516.69
C022,2026-03-16,351.36
C022,2026-05-06,126.93
C022,2026-03-31,678.64
C023,2026-04-16,137.97
C024,2026-06-26,342.23
C024,2026-03-16,148.07
C024,2026-06-06,321.25
C024,2026-01-08,465.93
C024,2026-05-11,185.84
C025,2026-04-08,365.51
C025,2026-03-17,253.08
C026,2026-06-26,360.43
C026,2026-06-01,176.57
C026,2026-02-08,158.46
C026,2026-06-10,402.84
C026,2026-01-10,384.3
C026,2026-05-01,222.68
C026,2026-04-07,160.81
C026,2026-02-11,151.15
C026,2026-01-22,317.18
C026,2026-04-22,884.57
C027,2026-04-17,464.36
C027,2026-05-27,201.59
C027,2026-01-27,90.27
C027,2026-04-03,189.54
C027,2026-04-02,171.0
C027,2026-02-09,266.43
C027,2026-04-25,161.08
C027,2026-01-26,125.05
C027,2026-03-23,371.44
C027,2026-03-09,410.67
C027,2026-05-09,67.78
C028,2026-06-08,290.56
C028,2026-04-18,790.29
C028,2026-02-02,445.4
C028,2026-01-14,364.06
C028,2026-04-14,241.86
C028,2026-03-28,172.3
C028,2026-04-01,297.98
C028,2026-01-29,287.87
C028,2026-06-10,414.22
C028,2026-04-23,262.51
C029,2026-06-01,82.47
C029,2026-06-29,235.82
C029,2026-04-29,180.64
C030,2026-05-24,272.61
C030,2026-03-30,165.69
C030,2026-05-04,309.48
C030,2026-04-20,278.7
C030,2026-05-07,62.99
C031,2026-06-09,481.21
C031,2026-01-04,198.51
C031,2026-06-27,260.41
C031,2026-04-04,211.2
C031,2026-01-19,231.22
C031,2026-04-01,136.7
C032,2026-06-19,20.0
C032,2026-02-18,405.28
C033,2026-05-13,305.6
C033,2026-04-05,183.2
C033,2026-06-22,376.6
C033,2026-05-02,759.81
C033,2026-04-16,171.18
C033,2026-04-23,253.83
C033,2026-03-13,106.02
C033,2026-01-29,175.71
C033,2026-01-12,233.99
C033,2026-06-08,160.09
C033,2026-04-19,374.08
C034,2026-02-06,114.07
C034,2026-05-14,363.74
C034,2026-03-22,635.35
C034,2026-05-18,138.37
C034,2026-03-29,104.79
C034,2026-05-23,245.23
C035,2026-03-27,40.03
C035,2026-02-25,301.83
C035,2026-02-14,348.4
C035,2026-05-10,87.79
C036,2026-06-13,382.51
C036,2026-06-28,246.31
C036,2026-04-24,241.88
C036,2026-05-25,133.21
C036,2026-02-23,411.82
C037,2026-06-21,407.05
C038,2026-06-28,285.58
C038,2026-03-13,411.09
C038,2026-04-15,338.6
C038,2026-04-20,354.34
C038,2026-02-26,207.92
C038,2026-03-28,83.56
C038,2026-06-04,28.48
C038,2026-02-24,54.89
C038,2026-01-30,209.35
C038,2026-04-25,55.96
C039,2026-01-27,198.42
C039,2026-05-26,97.53
C039,2026-04-21,270.71
C039,2026-04-07,523.19
C039,2026-02-09,577.76
C039,2026-06-09,140.9
C039,2026-02-11,154.87
C039,2026-01-10,495.43
C039,2026-03-10,40.39
C039,2026-04-01,224.42
C040,2026-04-05,36.48
C040,2026-03-08,395.04
C040,2026-03-17,470.96
C040,2026-01-24,336.94
C040,2026-02-21,508.19
C040,2026-06-04,41.68
C040,2026-01-10,433.05
C040,2026-04-18,347.96
C040,2026-05-01,167.38
C041,2026-04-04,501.31
C041,2026-05-10,288.55
C041,2026-02-28,307.69
C041,2026-05-04,72.69
C041,2026-03-13,198.88
C041,2026-02-17,399.18
C041,2026-04-27,477.29
C041,2026-05-15,232.16
C042,2026-01-09,135.81
C042,2026-03-17,190.24
C042,2026-01-29,261.68
C042,2026-02-04,160.47
C042,2026-04-10,172.82
C042,2026-06-05,214.0
C042,2026-01-22,136.92
C042,2026-04-02,383.55
C042,2026-02-24,268.41
C043,2026-02-16,503.03
C043,2026-05-03,48.06
C043,2026-05-07,98.1
C043,2026-03-28,512.52
C043,2026-01-02,236.06
C043,2026-03-13,208.19
C043,2026-04-21,184.14
C043,2026-03-27,728.91
C044,2026-02-08,187.37
C044,2026-01-06,312.41
C044,2026-06-14,302.74
C044,2026-06-01,392.94
C044,2026-01-06,306.4
C044,2026-04-13,476.77
C044,2026-06-01,167.92
C045,2026-02-12,29.74
C045,2026-06-10,157.29
C045,2026-01-21,545.1
C045,2026-03-22,275.01
C045,2026-05-31,497.81
C045,2026-03-06,252.81
C045,2026-05-28,424.78
C045,2026-05-28,214.21
C045,2026-03-20,404.5
C045,2026-06-25,129.87
C045,2026-04-02,321.91
C046,2026-02-21,241.97
C046,2026-03-08,353.06
C046,2026-05-06,331.04
C046,2026-05-28,497.1
C047,2026-04-26,75.76
C047,2026-05-10,204.4
C047,2026-02-06,382.33
C047,2026-01-03,198.34
C048,2026-06-18,162.92
C048,2026-05-04,60.46
C049,2026-06-16,302.82
C049,2026-01-05,89.62
C049,2026-06-20,281.46
C049,2026-05-13,155.38
C049,2026-04-09,204.87
C049,2026-03-12,95.34
C049,2026-05-06,113.51
C050,2026-05-06,20.0
C050,2026-05-28,372.54
C051,2026-04-12,379.47
C051,2026-02-25,363.91
C051,2026-06-08,92.45
C052,2026-04-16,100.97
C052,2026-04-25,408.94
C052,2026-06-22,131.49
C052,2026-01-15,113.98
C052,2026-02-23,434.35
C052,2026-03-09,308.13
C052,2026-05-26,390.78
C052,2026-05-07,211.7
C052,2026-05-28,149.88
C052,2026-01-16,159.42
C052,2026-06-20,30.7
C053,2026-05-28,439.62
C054,2026-02-16,283.49
C054,2026-01-12,208.22
C054,2026-04-15,220.91
C054,2026-05-30,315.44
C054,2026-03-08,661.69
C054,2026-05-16,137.47
C054,2026-04-11,239.76
C054,2026-02-11,853.95
C054,2026-06-13,564.35
C054,2026-06-09,138.15
C054,2026-04-04,359.04
C055,2026-03-28,241.65
C055,2026-04-27,467.79
C055,2026-04-09,133.1
C055,2026-06-26,156.85
C055,2026-01-21,490.33
C055,2026-03-14,129.37
C055,2026-03-05,151.68
C055,2026-06-15,172.87
C055,2026-01-05,235.4
C056,2026-03-26,83.82
C056,2026-03-30,507.37
C056,2026-05-09,160.74
C056,2026-03-20,118.44
C056,2026-05-26,84.4
C056,2026-06-22,326.16
C056,2026-04-03,236.61
C056,2026-03-06,160.99
C057,2026-02-21,133.14
C057,2026-02-04,101.57
C057,2026-06-07,181.46
C057,2026-05-29,117.39
C057,2026-06-17,311.55
C057,2026-03-15,90.19
C057,2026-05-29,165.24
C057,2026-02-27,275.78
C057,2026-01-03,235.27
C057,2026-05-23,240.71
C058,2026-06-06,289.92
C058,2026-02-27,147.27
C058,2026-01-15,226.14
C058,2026-03-07,447.93
C058,2026-05-13,215.41
C058,2026-06-04,595.14
C059,2026-06-22,240.33
C059,2026-03-05,86.29
C059,2026-03-03,363.82
C059,2026-05-27,284.2
C059,2026-05-10,245.96
C059,2026-06-14,197.98
C059,2026-01-21,229.31
C059,2026-04-11,445.91
C059,2026-05-05,288.59
C059,2026-06-24,137.97
C060,2026-01-28,174.96
C060,2026-03-26,501.51
C060,2026-05-10,830.58
C060,2026-02-04,266.55
C060,2026-02-23,155.87
C060,2026-05-08,116.51
C061,2026-01-06,245.69
C061,2026-06-15,81.5
C061,2026-01-16,65.79
C061,2026-03-22,135.34
C062,2026-05-10,362.56
C062,2026-04-11,351.02
C062,2026-01-09,394.12
C062,2026-01-10,152.17
C062,2026-05-28,466.02
C062,2026-01-16,667.76
C062,2026-05-17,329.91
C062,2026-06-19,673.33
C062,2026-02-12,338.84
C062,2026-03-25,313.3
C063,2026-06-02,210.04
C063,2026-02-17,92.1
C063,2026-01-16,290.17
C063,2026-06-20,267.71
C063,2026-05-26,277.16
C063,2026-01-03,149.86
C063,2026-02-11,111.12
C063,2026-05-01,200.18
C063,2026-01-27,302.91
C063,2026-01-20,123.2
C063,2026-02-07,127.07
C064,2026-01-10,363.65
C064,2026-01-17,456.28
C064,2026-05-03,115.48
C064,2026-01-08,169.31
C064,2026-05-15,137.73
C064,2026-01-19,399.8
C065,2026-01-02,297.1
C066,2026-06-10,117.92
C066,2026-06-16,99.11
C066,2026-03-07,294.03
C066,2026-03-26,405.4
C066,2026-01-01,309.12
C066,2026-05-07,80.6
C066,2026-06-27,274.0
C066,2026-05-16,90.47
C067,2026-01-06,114.43
C067,2026-05-17,345.52
C067,2026-04-23,115.33
C068,2026-02-27,430.54
C068,2026-04-30,507.4
C068,2026-02-04,126.82
C068,2026-02-16,165.15
C068,2026-03-26,346.03
C068,2026-04-22,213.99
C068,2026-03-15,531.04
C068,2026-05-11,172.04
C069,2026-06-10,334.07
C069,2026-05-16,442.94
C069,2026-04-28,78.76
C069,2026-06-23,529.35
C069,2026-03-24,273.11
C069,2026-02-14,333.16
C069,2026-04-19,71.48
C069,2026-02-10,225.51
C069,2026-03-31,105.21
C069,2026-05-21,115.44
C069,2026-06-14,512.33
C070,2026-01-19,91.8
C070,2026-01-22,253.39
C070,2026-02-14,370.11
C070,2026-01-03,363.94
C070,2026-06-26,98.54
C070,2026-01-02,335.23
C070,2026-01-06,130.26
C070,2026-04-14,155.85
C071,2026-02-12,374.48
C071,2026-02-27,112.83
C071,2026-02-12,432.26
C072,2026-02-25,384.51
C072,2026-04-21,294.78
C072,2026-05-10,189.74
C072,2026-01-16,256.45
C072,2026-04-19,133.84
C072,2026-03-19,451.01
C072,2026-01-19,534.34
C072,2026-03-30,96.4
C072,2026-05-19,253.52
C072,2026-03-13,259.81
C073,2026-05-01,258.69
C073,2026-05-14,349.7
C073,2026-01-16,226.06
C073,2026-06-29,351.17
C073,2026-01-19,129.74
C073,2026-04-29,142.74
C073,2026-02-06,171.05
C073,2026-03-27,143.27
C074,2026-06-12,725.14
C074,2026-02-06,160.93
C074,2026-05-27,271.92
C074,2026-05-16,276.38
C074,2026-02-08,608.24
C075,2026-03-28,28.64
C076,2026-04-11,50.39
C076,2026-03-30,334.47
C076,2026-04-20,411.31
C076,2026-06-28,274.41
C076,2026-04-17,255.71
C076,2026-01-07,92.83
C076,2026-03-09,221.27
C077,2026-05-01,63.52
C077,2026-04-24,245.08
C078,2026-01-19,583.76
C078,2026-02-24,97.18
C078,2026-01-04,154.15
C078,2026-03-08,38.9
C078,2026-02-06,356.25
C078,2026-03-28,102.85
C078,2026-04-05,302.23
C078,2026-04-23,319.25
C078,2026-04-25,249.68
C079,2026-05-01,383.76
C079,2026-03-11,98.67
C079,2026-02-20,153.36
C079,2026-02-16,88.2
C079,2026-05-31,214.73
C079,2026-03-30,205.77
C079,2026-05-28,214.67
C080,2026-06-16,54.44
C080,2026-03-29,117.61
C080,2026-04-28,777.24
C080,2026-05-04,301.55
C080,2026-02-03,248.34
C080,2026-05-21,192.86
