cohort_date,day_n,new_users,retained_users,retention_rate
2026-03-06,0,1220,883,0.7237704918032787
2026-03-06,1,1220,589,0.48278688524590163
2026-03-06,2,1220,484,0.39672131147540984
2026-03-06,3,1220,340,0.2786885245901639
2026-03-06,4,1220,228,0.18688524590163935
2026-03-06,5,1220,161,0.1319672131147541
2026-03-06,6,1220,127,0.1040983606557377
2026-03-06,7,1220,91,0.07459016393442623
2026-03-07,0,856,604,0.705607476635514
2026-03-07,1,856,445,0.5198598130841121
2026-03-07,2,856,317,0.3703271028037383
2026-03-07,3,856,219,0.2558411214953271
2026-03-07,4,856,154,0.17990654205607476
2026-03-07,5,856,112,0.1308411214953271
2026-03-07,6,856,67,0.07827102803738317
2026-03-07,7,856,53,0.06191588785046729
2026-03-08,0,1008,783,0.7767857142857143
2026-03-08,1,1008,557,0.5525793650793651
2026-03-08,2,1008,426,0.4226190476190476
2026-03-08,3,1008,342,0.3392857142857143
2026-03-08,4,1008,250,0.24801587301587302
2026-03-08,5,1008,197,0.19543650793650794
2026-03-08,6,1008,172,0.17063492063492064
2026-03-08,7,1008,174,0.17261904761904762
2026-03-09,0,942,637,0.6762208067940552
2026-03-09,1,942,482,0.5116772823779193
2026-03-09,2,942,301,0.3195329087048832
2026-03-09,3,942,226,0.23991507430997877
2026-03-09,4,942,133,0.14118895966029724
2026-03-09,5,942,124,0.1316348195329087
2026-03-09,6,942,79,0.08386411889596602
2026-03-09,7,942,66,0.07006369426751592
2026-03-10,0,1189,823,0.6921783010933558
2026-03-10,1,1189,556,0.46761984861227923
2026-03-10,2,1189,385,0.32380151387720774
2026-03-10,3,1189,281,0.23633305298570226
2026-03-10,4,1189,199,0.16736753574432295
2026-03-10,5,1189,121,0.10176619007569386
2026-03-10,6,1189,57,0.0479394449116905
2026-03-10,7,1189,35,0.02943650126156434
2026-03-11,0,1064,740,0.6954887218045113
2026-03-11,1,1064,508,0.4774436090225564
2026-03-11,2,1064,356,0.33458646616541354
2026-03-11,3,1064,273,0.2565789473684211
2026-03-11,4,1064,135,0.12687969924812031
2026-03-11,5,1064,142,0.13345864661654136
2026-03-11,6,1064,112,0.10526315789473684
2026-03-11,7,1064,62,0.05827067669172932
2026-03-12,0,1222,791,0.6472995090016367
2026-03-12,1,1222,581,0.47545008183306053
2026-03-12,2,1222,371,0.30360065466448444
2026-03-12,3,1222,253,0.20703764320785598
2026-03-12,4,1222,155,0.12684124386252046
2026-03-12,5,1222,101,0.08265139116202946
2026-03-12,6,1222,76,0.062193126022913256
2026-03-12,7,1222,36,0.029459901800327332
