region,product,count,mean,median,std,min,max,se,ci95_low,ci95_high
华东,专业版,12,172.4225,169.3,22.48554854082546,147.35,216.02,6.491018751460988,159.70010324713647,185.14489675286356
华东,基础版,12,99.32583333333334,100.8,17.25888728022508,79.54,133.7,4.982211608575679,89.560698580525,109.09096808614167
华东,旗舰版,12,236.05499999999998,230.87,15.161832163213468,216.47,271.08,4.376843940419611,227.47638587677756,244.6336141232224
华北,专业版,12,131.75333333333333,132.485,9.599865845022222,110.26,146.82,2.7712425649039374,126.32169790612161,137.18496876054505
华北,基础版,12,80.03750000000001,80.13,15.175402420903495,45.87,105.12,4.380761336384766,71.45120778068586,88.62379221931415
华北,旗舰版,12,215.99833333333333,221.935,19.35260510221877,187.86,242.84,5.586615882643266,205.04856620335252,226.94810046331415
华南,专业版,12,139.49583333333334,138.06,21.07681857066208,110.57,182.4,6.084353437716328,127.57050059540933,151.42116607125735
华南,基础版,12,93.72333333333334,91.01,17.249728500278877,73.46,126.98,4.979567696541985,83.96338064811106,103.48328601855563
华南,旗舰版,12,224.45749999999998,226.21499999999997,16.59202663110425,191.57,251.94,4.7897055209347394,215.06967717896788,233.84532282103208
西南,专业版,12,119.52333333333333,118.17,20.798860691408223,82.13,148.02,6.004113909511032,107.75527007069171,131.29139659597496
西南,基础版,12,71.53166666666667,75.58,19.90526099179599,29.22,100.36,5.746153895951586,60.269205030601555,82.79412830273178
西南,旗舰版,12,185.7025,187.575,25.885674565814828,140.52,222.72,7.47255058936412,171.0563008448463,200.34869915515367
