month,region,product,sales
2025-01,华北,基础版,65.72
2025-02,华北,基础版,84.33
2025-03,华北,基础版,45.87
2025-04,华北,基础版,105.12
2025-05,华北,基础版,91.49
2025-06,华北,基础版,74.74
2025-07,华北,基础版,74.38
2025-08,华北,基础版,85.47
2025-09,华北,基础版,75.18
2025-10,华北,基础版,75.93
2025-11,华北,基础版,92.96
2025-12,华北,基础版,89.26
2025-01,华北,专业版,133.85
2025-02,华北,专业版,133.46
2025-03,华北,专业版,137.9
2025-04,华北,专业版,123.95
2025-05,华北,专业版,127.73
2025-06,华北,专业版,144.87
2025-07,华北,专业版,132.65
2025-08,华北,专业版,110.26
2025-09,华北,专业版,126.41
2025-10,华北,专业版,146.82
2025-11,华北,专业版,130.82
2025-12,华北,专业版,132.32
2025-01,华北,旗舰版,221.55
2025-02,华北,旗舰版,242.84
2025-03,华北,旗舰版,197.16
2025-04,华北,旗舰版,234.27
2025-05,华北,旗舰版,187.86
2025-06,华北,旗舰版,213.15
2025-07,华北,旗舰版,188.95
2025-08,华北,旗舰版,234.33
2025-09,华北,旗舰版,225.01
2025-10,华北,旗舰版,230.48
2025-11,华北,旗舰版,194.06
2025-12,华北,旗舰版,222.32
2025-01,华东,基础版,85.06
2025-02,华东,基础版,86.17
2025-03,华东,基础版,103.52
2025-04,华东,基础版,110.18
2025-05,华东,基础版,98.08
2025-06,华东,基础版,83.1
2025-07,华东,基础版,79.54
2025-08,华东,基础版,120.4
2025-09,华东,基础版,105.09
2025-10,华东,基础版,107.36
2025-11,华东,基础版,133.7
2025-12,华东,基础版,79.71
2025-01,华东,专业版,205.37
2025-02,华东,专业版,216.02
2025-03,华东,专业版,188.43
2025-04,华东,专业版,174.19
2025-05,华东,专业版,147.35
2025-06,华东,专业版,177.2
2025-07,华东,专业版,151.33
2025-08,华东,专业版,158.91
2025-09,华东,专业版,154.07
2025-10,华东,专业版,164.41
2025-11,华东,专业版,182.49
2025-12,华东,专业版,149.3
2025-01,华东,旗舰版,230.06
2025-02,华东,旗舰版,229.75
2025-03,华东,旗舰版,230.37
2025-04,华东,旗舰版,222.04
2025-05,华东,旗舰版,231.37
2025-06,华东,旗舰版,271.08
2025-07,华东,旗舰版,237.12
2025-08,华东,旗舰版,252.43
2025-09,华东,旗舰版,225.9
2025-10,华东,旗舰版,250.85
2025-11,华东,旗舰版,216.47
2025-12,华东,旗舰版,235.22
2025-01,华南,基础版,126.98
2025-02,华南,基础版,75.91
2025-03,华南,基础版,106.56
2025-04,华南,基础版,94.59
2025-05,华南,基础版,83.65
2025-06,华南,基础版,74.66
2025-07,华南,基础版,109.56
2025-08,华南,基础版,83.21
2025-09,华南,基础版,113.89
2025-10,华南,基础版,73.46
2025-11,华南,基础版,87.43
2025-12,华南,基础版,94.78
2025-01,华南,专业版,152.52
2025-02,华南,专业版,123.59
2025-03,华南,专业版,133.85
2025-04,华南,专业版,142.27
2025-05,华南,专业版,130.43
2025-06,华南,专业版,157.99
2025-07,华南,专业版,156.38
2025-08,华南,专业版,110.57
2025-09,华南,专业版,113.31
2025-10,华南,专业版,122.73
2025-11,华南,专业版,147.91
2025-12,华南,专业版,182.4
2025-01,华南,旗舰版,219.92
2025-02,华南,旗舰版,231.31
2025-03,华南,旗舰版,207.66
2025-04,华南,旗舰版,207.96
2025-05,华南,旗舰版,191.57
2025-06,华南,旗舰版,226.29
2025-07,华南,旗舰版,243.85
2025-08,华南,旗舰版,220.38
2025-09,华南,旗舰版,251.94
2025-10,华南,旗舰版,230.36
2025-11,华南,旗舰版,226.14
2025-12,华南,旗舰版,236.11
2025-01,西南,基础版,79.17
2025-02,西南,基础版,91.06
2025-03,西南,基础版,55.96
2025-04,西南,基础版,29.22
2025-05,西南,基础版,72.47
2025-06,西南,基础版,59.39
2025-07,西南,基础版,69.91
2025-08,西南,基础版,100.36
2025-09,西南,基础版,50.55
2025-10,西南,基础版,84.17
2025-11,西南,基础版,87.43
2025-12,西南,基础版,78.69
2025-01,西南,专业版,138.93
2025-02,西南,专业版,110.55
2025-03,西南,专业版,106.53
2025-04,西南,专业版,137.5
2025-05,西南,专业版,131.77
2025-06,西南,专业版,143.83
2025-07,西南,专业版,122.62
2025-08,西南,专业版,148.02
2025-09,西南,专业版,113.72
2025-10,西南,专业版,99.71
2025-11,西南,专业版,82.13
2025-12,西南,专业版,98.97
2025-01,西南,旗舰版,199.53
2025-02,西南,旗舰版,158.43
2025-03,西南,旗舰版,176.66
2025-04,西南,旗舰版,222.72
2025-05,西南,旗舰版,200.04
2025-06,西南,旗舰版,217.04
2025-07,西南,旗舰版,166.95
2025-08,西南,旗舰版,140.52
2025-09,西南,旗舰版,212.09
2025-10,西南,旗舰版,159.3
2025-11,西南,旗舰版,186.44
2025-12,西南,旗舰版,188.71
