user_id,category,amount
U0001,美妆,76.21837946655599
U0001,美妆,238.2978447863865
U0001,数码,161.32559558407308
U0002,运动,129.38842777856468
U0002,食品,219.48453424543138
U0002,食品,115.66737808165985
U0003,图书,217.19906435236715
U0004,数码,178.36100693261477
U0004,食品,342.17864279481546
U0005,图书,28.339819349616093
U0005,美妆,108.49785634599135
U0006,美妆,262.2078802346938
U0007,运动,259.7227440010232
U0009,数码,142.92499940140195
U0009,运动,94.05407674105969
U0009,美妆,21.06799121068061
U0010,美妆,171.80144980176334
U0010,数码,140.08518767387454
U0011,运动,179.9720921515586
U0011,数码,146.4559070688978
U0012,运动,135.7856224969004
U0013,图书,176.47681793826337
U0013,食品,467.2904817343225
U0013,运动,323.7520551785888
U0013,数码,245.62657903882553
U0013,美妆,68.03081700397084
U0014,图书,333.0672314476579
U0014,图书,148.25530176827473
U0014,食品,41.13555320442194
U0015,食品,114.23524358443206
U0015,数码,164.86557375609428
U0015,数码,116.2123978770233
U0015,数码,199.9036986412228
U0016,数码,196.4154148441067
U0016,数码,234.50528827563795
U0016,数码,202.6446558125847
U0017,运动,123.20212679009248
U0017,运动,36.55371004391327
U0017,数码,91.0824021291581
U0018,食品,278.11388800350477
U0018,食品,233.38927944199358
U0019,运动,258.1085658112912
U0019,运动,81.55355830519679
U0019,美妆,270.3059738188743
U0021,图书,119.21486355015091
U0022,数码,93.36788019116223
U0022,图书,123.44675574333057
U0023,数码,184.86196648649312
U0023,食品,60.4077526289354
U0023,数码,203.42513397551835
U0024,数码,37.957160087693175
U0024,图书,234.86572989405568
U0024,图书,148.31741368251997
U0024,运动,250.55132946577135
U0025,图书,158.65215707450474
U0026,食品,135.34408011108147
U0027,食品,87.81870761560467
U0028,食品,349.73649033015363
U0028,图书,96.69039780293765
U0028,食品,161.38442278791436
U0028,运动,57.39579288273356
U0028,美妆,49.732791073303005
U0028,运动,84.11194854889851
U0029,数码,87.19510635975641
U0029,运动,280.8754562669167
U0029,美妆,254.54675237847533
U0029,美妆,232.7310427022582
U0030,美妆,52.39753631615493
U0030,食品,55.565628206913914
U0031,图书,209.8265739849514
U0031,食品,156.1560523467338
U0032,数码,293.5715381658532
U0032,数码,202.22875570411176
U0032,图书,158.8452644749271
U0034,图书,20.0
U0034,数码,110.23913152649197
U0035,运动,22.058028340597076
U0035,美妆,95.30097744189104
U0035,食品,196.31242115079402
U0037,运动,190.88867144446888
U0038,食品,141.86879674026528
U0039,运动,147.1743386303848
U0039,美妆,451.65251461826006
U0039,食品,113.59909414568968
U0040,运动,585.7507527912934
U0040,食品,225.39626912194757
U0041,数码,278.67434893125704
U0041,数码,71.05398321412129
U0041,食品,157.2508702710851
U0041,图书,146.44976848813167
U0042,美妆,88.28003180232159
U0042,食品,282.9882916845288
U0042,美妆,186.15434271383893
U0042,运动,76.86939423497954
U0043,数码,104.76430875427857
U0043,数码,204.7457573100347
U0043,数码,160.39190817138973
U0044,图书,56.68335317291851
U0044,美妆,163.56040126181068
U0045,数码,70.48157281502883
U0045,运动,84.11450442308006
U0046,图书,204.6964078054217
U0046,美妆,397.0599996242388
U0046,运动,122.0088147191271
U0046,运动,92.48752568663679
U0046,运动,53.06074420759569
U0046,数码,128.10383925230667
U0047,数码,265.91066203578373
U0047,美妆,174.87821875033885
U0047,数码,83.3484016981637
U0048,食品,131.44406843420103
U0048,食品,171.5636223227412
U0049,图书,122.5694323747591
U0049,食品,47.726802691158596
U0049,美妆,121.35332650803107
U0050,数码,143.82714418463422
U0050,数码,296.0197085798421
U0052,图书,414.3590822075309
U0052,美妆,333.26953660398186
U0052,数码,60.312831130408064
U0053,食品,251.46507689594984
U0053,美妆,196.13599178433554
U0053,图书,160.02825787339566
U0053,食品,148.47733744682714
U0054,美妆,166.3473892377156
U0055,数码,121.73469339054964
U0055,数码,20.0
U0056,运动,108.41607031407544
U0057,美妆,340.5628280791284
U0057,运动,140.91073855630162
U0058,数码,80.34847110711192
U0058,美妆,93.93773548332256
U0058,美妆,73.5719240143507
U0059,图书,160.8326288820149
U0060,美妆,528.9449033465455
U0061,美妆,53.72188628053095
U0063,美妆,97.20753332050818
U0063,图书,230.94695898558285
U0063,食品,249.20133282374067
U0063,数码,97.84368077427382
U0063,运动,306.96963144717046
U0063,美妆,233.09728809172384
U0063,数码,62.94502373649549
U0064,美妆,473.0438950000998
U0064,图书,306.7773923804462
U0066,食品,91.62869155984438
U0067,数码,64.44803054503399
U0068,美妆,279.12684956587236
U0068,图书,41.05635209569594
U0068,数码,402.7242099118011
U0068,食品,111.85930770387867
U0068,运动,129.62358305900602
U0071,图书,190.05054589925678
U0071,数码,82.4239175151932
U0071,食品,236.13068716507394
U0072,美妆,146.41380312060164
U0072,食品,156.06472419364374
U0072,食品,113.6361648073344
U0072,运动,85.2549755136616
U0073,数码,259.02237908677745
U0074,图书,234.84639823144983
U0074,食品,74.7959494476021
U0075,食品,183.7281004368968
U0077,数码,124.56026244757308
U0079,美妆,222.6824524144898
U0080,图书,35.94448231827892
U0081,图书,74.19065089561067
U0081,图书,180.44939919222705
U0081,图书,191.04793706738886
U0082,数码,135.48344747158444
U0082,图书,279.0277671392642
U0082,数码,271.44577254917203
U0083,数码,32.73919009867258
U0083,数码,281.35872354321253
U0083,运动,184.70371674144567
U0083,运动,202.51147203756753
U0085,图书,149.85044826186822
U0085,数码,163.67394352625288
U0085,运动,76.2550344579963
U0085,运动,182.9312443938176
U0085,食品,245.08116200366857
U0085,美妆,111.04159379365785
U0086,美妆,83.804621731236
U0087,数码,35.40609772600025
U0087,运动,148.2944418425298
U0089,美妆,83.68451828096902
U0089,运动,92.92644555352469
U0089,运动,210.57399645370285
U0090,数码,146.06567780340148
U0090,数码,246.57760440289437
U0090,食品,169.32410068979928
U0091,食品,134.27522437805848
U0091,数码,92.31063479654819
U0091,美妆,101.98268020841346
U0092,美妆,232.8645348766706
U0093,食品,381.82142969825185
U0094,运动,70.17188053125834
U0095,图书,105.83431620233196
U0096,数码,105.36506755048863
U0096,运动,137.73764141344304
U0097,食品,207.57929557948418
U0097,食品,20.0
U0098,食品,342.81183018839585
U0099,运动,283.61173757968766
U0101,食品,192.98326019517532
U0101,数码,164.87347685400897
U0102,图书,400.6816381836051
U0102,食品,223.2697688397714
U0104,运动,100.28367416011497
U0104,美妆,63.97882635619508
U0104,运动,201.09231843381434
U0104,食品,98.40036391392215
U0105,食品,76.38181748991889
U0105,数码,144.84925512154092
U0105,数码,32.144216758856686
U0106,运动,206.46634225984747
U0107,美妆,198.19922671014112
U0107,美妆,20.0
U0107,美妆,80.16741045245665
U0108,图书,33.189263617170226
U0109,运动,321.18959760102797
U0109,数码,172.57474593484255
U0109,食品,368.61627631454746
U0109,运动,104.08997350442618
U0109,运动,89.39665941477756
U0110,数码,103.06989133044817
U0110,美妆,390.6396936776154
U0110,数码,235.1723254959016
U0110,图书,65.02671579600566
U0110,食品,102.11209241268985
U0111,美妆,65.69997389995093
U0111,美妆,307.76153120665407
U0112,食品,208.44427388662314
U0112,图书,75.40560397792748
U0114,食品,142.79839233113614
U0114,食品,123.60367183825855
U0114,运动,21.122008677613966
U0115,运动,80.74874100150444
U0115,运动,224.01857700989828
U0116,运动,62.38530528474539
U0116,食品,160.24461565388532
U0116,美妆,302.75326012418964
U0116,图书,143.82677882157736
U0117,食品,120.16651505597814
U0118,数码,80.98826045211183
U0119,运动,431.8486642535598
U0119,食品,88.07064724721336
U0119,运动,293.4418096167949
U0119,食品,71.68982460410314
U0120,图书,142.55026873635802
U0120,图书,141.26853167917625
U0121,图书,107.28408197696896
U0121,图书,110.55921908990497
U0122,运动,105.68015458805958
U0122,美妆,45.70121567452524
U0123,食品,101.31837861272642
U0123,数码,203.4960337999045
U0123,食品,286.33579728413815
U0124,数码,181.11548871479528
U0124,图书,81.08221676690006
U0125,美妆,284.21679081609597
U0125,数码,108.72207724261285
U0125,美妆,352.8790952384797
U0127,图书,267.7218368203831
U0128,图书,55.99413740914114
U0130,图书,27.796167940443258
U0130,美妆,290.4890267024927
U0130,数码,187.59242930829808
U0130,数码,221.3171677216863
U0130,美妆,262.3123543891566
U0130,图书,20.0
U0131,数码,80.36563705498226
U0132,食品,74.05027715818008
U0132,图书,176.87446068691102
U0132,图书,105.26433297215796
U0132,美妆,113.57917891935635
U0132,食品,214.6321507583604
U0133,图书,77.41071744298469
U0133,数码,273.91778767659963
U0133,美妆,236.8084501167129
U0134,食品,37.43806003708296
U0134,数码,56.45237632320747
U0134,运动,198.3167517800948
U0136,图书,412.8997129662574
U0136,美妆,60.573049689821424
U0136,美妆,277.89595906968304
U0137,食品,301.7548410344743
U0137,食品,105.51761671005644
U0138,食品,62.018297154168614
U0138,数码,137.87910791385855
U0138,图书,332.6673822518633
U0138,美妆,78.66970432348573
U0139,美妆,174.4847753451772
U0139,美妆,67.58553766384607
U0139,运动,133.3545428497562
U0140,图书,74.49831553862715
U0140,图书,324.92825457100946
U0140,美妆,264.3485937364461
U0140,数码,166.33186540369854
U0141,美妆,80.83714199284792
U0141,食品,146.55672469051785
U0141,美妆,87.159537737636
U0141,数码,59.875426371565446
U0141,数码,111.71228290117287
U0143,图书,517.0054188882594
U0143,食品,52.87014097910937
U0143,图书,139.59494559725266
U0144,食品,120.76713811507958
U0144,运动,432.0579745398819
U0144,运动,60.20373170319397
U0145,美妆,282.6584327729538
U0146,食品,120.28683988931269
U0146,运动,393.1648864233856
U0146,图书,276.9051103109795
U0146,美妆,25.01417926659028
U0147,美妆,97.4009118105516
U0147,食品,63.16948482681657
U0148,运动,180.73487119219865
U0148,图书,145.49630770482025
U0149,食品,167.1647927703989
U0149,运动,25.921252713479298
U0149,美妆,130.66437483201807
U0149,运动,123.81530449945106
U0149,图书,106.15049934900765
U0150,运动,78.4665562162792
U0150,运动,153.373581163353
U0151,图书,181.1773719579113
U0152,图书,345.01167828675506
U0153,数码,78.63699930004428
U0154,运动,272.61706048029976
U0155,美妆,347.89170538003435
U0155,美妆,65.89082334260368
U0156,运动,161.79776191680227
U0156,食品,168.32475974643572
U0156,美妆,242.83476496157382
U0156,数码,137.81936020993
U0156,运动,115.22170987597393
U0158,美妆,439.96261500477056
U0159,运动,344.8030232200688
U0160,运动,54.12091727946521
U0160,食品,174.2086438971781
U0160,运动,108.48282552306739
U0161,美妆,35.287415795840566
U0161,图书,51.33009638948117
U0161,食品,57.01851880547524
U0161,数码,350.14022093780744
U0161,数码,149.49735817953012
U0162,运动,190.88186516651265
U0162,数码,205.15763226349247
U0162,数码,187.37876215936635
U0162,食品,152.8704072939266
U0164,食品,141.04787836525753
U0164,运动,186.67196489829684
U0165,食品,201.51960266231745
U0166,美妆,104.00347141564006
U0166,食品,285.96579282522276
U0166,食品,20.0
U0166,图书,139.17936918775425
U0166,食品,326.2528476340425
U0166,数码,125.61037205070451
U0167,运动,428.02008872834955
U0167,图书,260.45114731804694
U0167,数码,251.49750508127545
U0167,美妆,187.77849501535528
U0167,美妆,135.14438941314216
U0167,数码,323.90575504725643
U0167,美妆,156.57893616932492
U0168,数码,48.15297831779851
U0168,运动,39.55386538686345
U0168,食品,229.66875024471528
U0168,图书,94.31366273429954
U0168,运动,170.32033523227352
U0169,运动,129.79444082402915
U0169,运动,154.18855876488627
U0169,食品,147.36344291666848
U0169,运动,44.79916952695566
U0169,运动,134.65984410845914
U0170,数码,20.0
U0170,食品,233.64654431085054
U0170,数码,297.45716611257103
U0171,数码,169.41084010214018
U0173,运动,81.58756153023887
U0173,数码,44.30924999653594
U0173,美妆,52.223303941164815
U0173,美妆,196.4811585522605
U0174,食品,107.24271156326157
U0174,美妆,257.3725251018534
U0176,食品,88.73201864554218
U0178,美妆,120.24778111164726
U0178,食品,167.4188444464548
U0178,运动,573.909835035006
U0179,图书,232.28920720178925
U0179,食品,86.09100470247073
U0179,食品,211.40373004850898
U0179,图书,191.53164439734104
U0179,美妆,249.73241378778795
U0180,图书,204.98259316343436
U0180,运动,271.0622376644043
U0180,食品,20.200513441356083
U0180,美妆,251.85117008410694
U0181,美妆,265.62874022351406
U0182,图书,36.94674542713531
U0182,数码,247.78348693473438
U0183,运动,62.23848293481104
U0184,数码,150.8333494441447
U0184,数码,120.61598207572904
U0184,食品,90.16557223209273
U0185,食品,363.20502618567224
U0185,运动,85.42064779037753
U0185,运动,101.86395107897312
U0185,运动,71.00658043828165
U0186,图书,435.73522566108636
U0186,图书,83.11854082453996
U0187,美妆,195.74107991714712
U0187,美妆,28.751900060284903
U0187,数码,110.03175110078914
U0188,食品,339.7119522401685
U0189,食品,35.070051504662274
U0191,美妆,91.06619914258046
U0191,美妆,84.62655007974934
U0191,数码,133.9094225712331
U0192,数码,54.68952808961087
U0192,食品,36.41068612820519
U0192,图书,20.0
U0192,美妆,85.32343538093592
U0193,食品,83.37330749090765
U0193,美妆,48.76145325687609
U0194,美妆,366.2708043910188
U0194,美妆,136.3717384747685
U0194,食品,209.38824389352462
U0195,食品,328.1820322945291
U0196,图书,124.77274962971592
U0196,数码,216.08620596217597
U0197,食品,297.1969853540895
U0197,数码,221.51218119396063
U0198,美妆,49.66840371337786
U0198,数码,55.31262326543689
U0199,食品,53.01694552852206
U0199,数码,197.89172912140893
U0199,图书,223.96285029670042
U0199,运动,175.12682944689257
U0200,数码,184.09707028257017
U0200,食品,41.87588552303803
U0201,美妆,135.28758669642744
U0202,图书,292.8040769302516
U0202,美妆,51.786544140251685
U0202,运动,101.01039529430331
U0202,图书,97.69743969953193
U0202,运动,104.32145280242499
U0203,运动,148.37346427535158
U0204,图书,217.96604570499832
U0205,食品,149.12398424540385
U0205,图书,96.18539739187526
U0205,食品,271.3094723915655
U0205,数码,193.63088139474803
U0205,图书,205.3773241343342
U0206,数码,76.90796341126074
U0207,运动,46.43433993154434
U0208,食品,224.46913957005265
U0208,食品,127.18993174816885
U0208,数码,85.9265191796372
U0208,美妆,463.47748579402435
U0209,图书,186.89986719743754
U0210,数码,323.9117553170265
U0210,数码,191.17029986060737
U0211,数码,40.51450645713547
U0211,数码,155.11355187725326
U0211,运动,125.86422256361358
U0212,食品,59.834016277887365
U0212,运动,24.928000870623563
U0212,美妆,146.53680207081433
U0212,食品,103.45437853216605
U0213,美妆,98.10220278890202
U0213,食品,262.10247988093494
U0213,美妆,122.38931130392054
U0213,图书,248.7472935691978
U0213,数码,316.37601581960513
U0214,美妆,193.57744653095642
U0214,运动,107.46219510378897
U0215,运动,81.44525172742333
U0215,食品,86.07575617847934
U0215,数码,213.61187262012385
U0215,美妆,47.3343061531846
U0216,数码,51.826357563707084
U0216,美妆,237.19406190388253
U0216,数码,101.4154361178325
U0216,运动,216.94342044213343
U0217,食品,93.5070844546681
U0218,数码,58.0357913275793
U0219,运动,123.60343656155337
U0219,数码,164.50973684860642
U0219,数码,175.5943927463735
U0219,图书,141.3761809839651
U0220,数码,205.15096154920604
U0220,运动,247.35503583227606
U0221,美妆,295.6029119170783
U0221,美妆,306.3791199639661
U0221,数码,224.52626269451008
U0222,美妆,351.5973437476811
U0224,运动,158.56138085957664
U0225,运动,102.81516756951589
U0225,图书,300.82665306981744
U0226,图书,26.75664161011049
U0226,数码,289.63227008179337
U0226,图书,115.65241730586654
U0226,运动,53.43795244327427
U0227,数码,568.2631656526695
U0227,美妆,44.96618879142613
U0228,数码,228.7220203723774
U0228,食品,47.24759343945759
U0228,运动,151.96398080484818
U0228,运动,203.16341952399662
U0229,图书,30.968140095669096
U0229,食品,127.1046361762256
U0229,运动,32.438920093734644
U0230,图书,296.9557503670681
U0230,运动,129.93270366785595
U0230,图书,158.26799230694468
U0230,运动,165.97414818512496
U0230,图书,393.12858067316495
U0231,图书,77.82633803511918
U0233,食品,169.2711191227845
U0234,食品,56.500425496185606
U0234,美妆,140.02265706242892
U0234,美妆,90.42326717565048
U0234,美妆,37.17455792567871
U0234,数码,162.69950154236767
U0235,数码,202.41174231442682
U0236,食品,65.6546809855941
U0236,数码,237.00435276576977
U0236,美妆,190.68411590792275
U0236,运动,250.47260298996122
U0237,美妆,378.26912629929296
U0239,运动,59.979407140066876
U0239,运动,344.0699493848395
U0239,图书,105.20812982066127
U0239,运动,117.60397850447305
U0239,运动,248.6233449879024
U0239,美妆,45.31631145208849
U0239,美妆,193.25957040967816
U0240,运动,171.75188528165612
U0240,数码,264.982307183283
U0241,美妆,96.52862697890363
U0242,美妆,20.0
U0244,美妆,146.16430687188594
U0244,食品,118.1162972649419
U0244,运动,310.3654081814897
U0246,运动,63.14848582359774
U0246,数码,268.69639676859356
U0247,数码,232.47338501678018
U0247,食品,181.64801988627048
U0247,数码,235.83212879558042
U0248,运动,134.6729631652671
U0248,数码,231.11984783493648
U0248,数码,67.11664358042191
U0248,食品,215.9781650021993
U0248,美妆,185.6279200310898
U0248,图书,348.916307720792
U0250,美妆,269.6655492704342
U0251,数码,330.13284831461453
U0251,食品,118.44655988758234
U0251,图书,95.30377196185322
U0252,图书,50.31656577533832
U0253,图书,163.96009899374113
U0253,美妆,27.554965987548826
U0253,图书,51.892890531406024
U0254,运动,103.98526852474153
U0254,数码,35.51666123625809
U0255,食品,98.02607596507228
U0255,食品,43.04225981591314
U0256,美妆,184.7686392571846
U0256,美妆,93.39921483436399
U0256,美妆,169.51219456865232
U0256,数码,154.62191686231276
U0256,运动,346.4256500894749
U0256,图书,260.28308219368284
U0256,美妆,112.64425767513815
U0257,美妆,179.57394432824162
U0257,图书,266.44890142520876
U0257,美妆,129.4134480098424
U0258,运动,116.81750552233034
U0258,图书,145.61928640117821
U0259,美妆,170.10467299992592
U0259,运动,289.8095360314183
U0259,运动,87.57113331377036
U0259,食品,160.51402774891494
U0260,运动,50.128899601017764
U0261,图书,153.8361567653678
U0262,运动,254.9565740451831
U0263,食品,80.30128807847349
U0263,图书,108.64399469200909
U0264,食品,64.11466854716727
U0264,运动,91.95639066499083
U0264,美妆,20.42691848116493
U0264,图书,71.2702885572194
U0265,美妆,348.6795825835986
U0266,食品,180.04828349914865
U0266,美妆,125.24989075667838
U0266,运动,454.5002219766938
U0266,食品,366.11036778950063
U0267,图书,133.41031440680123
U0268,美妆,97.66508945871794
U0268,美妆,121.3487418140947
U0269,美妆,85.77708090182375
U0270,运动,187.16280858146217
U0271,数码,260.71261542458484
U0271,数码,217.89270778003979
U0272,数码,42.228276920505685
U0272,数码,131.48709957579982
U0273,图书,189.65943176757958
U0273,食品,74.51246481852863
U0274,食品,237.68352259854748
U0274,食品,642.0266831142374
U0274,数码,52.33929809858535
U0275,图书,289.28262869638684
U0276,食品,211.61745313510423
U0276,图书,167.61071538697425
U0276,图书,134.7239640292543
U0276,图书,224.39167663393255
U0278,运动,462.3702559323242
U0278,数码,76.72411104099373
U0279,食品,183.25543990486557
U0279,食品,262.63738023573177
U0279,食品,179.94001892056446
U0280,美妆,155.4028476418772
U0280,食品,159.06401893535525
U0280,食品,557.9307839921462
U0280,数码,208.53491927412477
U0282,运动,46.5334540147601
U0282,美妆,138.39672741241105
U0282,美妆,210.50474631431925
U0283,图书,53.90377275606633
U0283,图书,141.95695177293857
U0285,数码,185.16670026077944
U0285,美妆,144.31885375005598
U0287,运动,111.73502430477562
U0288,数码,238.88089360744763
U0288,美妆,45.01535262321974
U0288,运动,152.8642995108755
U0288,美妆,161.37683420880552
U0289,图书,229.66309789812448
U0289,数码,275.1883349128054
U0290,美妆,52.67836902847777
U0290,数码,227.30752486195414
U0291,美妆,269.30135770417434
U0291,美妆,20.0
U0292,食品,116.30407489577858
U0292,运动,88.24574362341083
U0292,运动,106.85956904434003
U0293,食品,93.97227327380082
U0293,图书,153.3873953202892
U0294,图书,49.550560418539774
U0294,运动,241.0929237360061
U0295,食品,109.78610365832056
U0295,食品,288.8133679059329
U0295,食品,86.78541186986506
U0295,食品,136.4113743401083
U0296,数码,167.25707396689128
U0296,运动,223.68516808100455
U0297,食品,136.589450322995
U0298,数码,109.3503716625894
U0298,图书,200.69026567069557
U0298,运动,280.0668777428537
U0298,美妆,253.77797577538723
U0298,食品,107.30634479220343
U0298,美妆,63.963865871114635
U0299,数码,219.7537371346578
U0299,食品,75.49831610265042
U0299,运动,185.3232327626113
U0300,美妆,335.51419339304715
