user_id,gender,age,city_tier,channel,order_count,total_amount,favorite_category,age_group,value_tag
U0001,女,53,三线及以下,转介绍,3.0,475.8418198370156,美妆,46+,中价值
U0002,男,46,一线,线下,3.0,464.5403401056559,食品,46+,中价值
U0003,女,36,新一线,社交,1.0,217.19906435236715,图书,36-45,中价值
U0004,女,30,二线,搜索,2.0,520.5396497274303,数码,26-35,中价值
U0005,女,51,新一线,线下,2.0,136.83767569560746,图书,46+,低价值
U0006,男,18,一线,转介绍,1.0,262.2078802346938,美妆,18-25,中价值
U0007,男,45,三线及以下,转介绍,1.0,259.7227440010232,运动,36-45,中价值
U0008,女,38,二线,社交,0.0,0.0,未购买,36-45,未转化
U0009,男,36,新一线,线下,3.0,258.04706735314227,数码,36-45,中价值
U0010,女,25,一线,搜索,2.0,311.8866374756379,数码,18-25,中价值
U0011,男,28,三线及以下,转介绍,2.0,326.4279992204564,数码,26-35,中价值
U0012,男,30,二线,搜索,1.0,135.7856224969004,运动,26-35,低价值
U0013,男,19,三线及以下,线下,5.0,1281.176750893971,图书,18-25,高价值
U0014,男,39,二线,线下,3.0,522.4580864203546,图书,36-45,中价值
U0015,女,39,新一线,短视频,4.0,595.2169138587724,数码,36-45,中价值
U0016,男,32,一线,转介绍,3.0,633.5653589323293,数码,26-35,高价值
U0017,女,52,新一线,搜索,3.0,250.83823896316386,运动,46+,中价值
U0018,女,35,二线,转介绍,2.0,511.5031674454983,食品,26-35,中价值
U0019,女,20,一线,社交,3.0,609.9680979353623,运动,18-25,高价值
U0020,女,19,新一线,线下,0.0,0.0,未购买,18-25,未转化
U0021,女,31,新一线,搜索,1.0,119.21486355015091,图书,26-35,低价值
U0022,女,24,二线,转介绍,2.0,216.8146359344928,图书,18-25,中价值
U0023,男,50,新一线,搜索,3.0,448.6948530909469,数码,46+,中价值
U0024,女,49,三线及以下,转介绍,4.0,671.6916331300401,图书,46+,高价值
U0025,女,54,新一线,社交,1.0,158.65215707450474,图书,46+,低价值
U0026,女,37,三线及以下,短视频,1.0,135.34408011108147,食品,36-45,低价值
U0027,女,36,三线及以下,线下,1.0,87.81870761560467,食品,36-45,低价值
U0028,男,51,三线及以下,线下,6.0,799.0518434259408,运动,46+,高价值
U0029,女,42,新一线,短视频,4.0,855.3483577074066,美妆,36-45,高价值
U0030,女,50,三线及以下,转介绍,2.0,107.96316452306884,美妆,46+,低价值
U0031,女,25,新一线,线下,2.0,365.9826263316852,图书,18-25,中价值
U0032,男,25,新一线,短视频,3.0,654.645558344892,数码,18-25,高价值
U0033,男,20,一线,搜索,0.0,0.0,未购买,18-25,未转化
U0034,男,33,二线,社交,2.0,130.23913152649197,图书,26-35,低价值
U0035,女,47,一线,短视频,3.0,313.67142693328213,美妆,46+,中价值
U0036,男,37,三线及以下,转介绍,0.0,0.0,未购买,36-45,未转化
U0037,男,38,一线,短视频,1.0,190.88867144446888,运动,36-45,低价值
U0038,女,21,二线,搜索,1.0,141.86879674026528,食品,18-25,低价值
U0039,男,22,三线及以下,社交,3.0,712.4259473943346,美妆,18-25,高价值
U0040,女,21,一线,短视频,2.0,811.1470219132409,运动,18-25,高价值
U0041,男,31,二线,搜索,4.0,653.4289709045951,数码,26-35,高价值
U0042,女,49,二线,转介绍,4.0,634.2920604356689,美妆,46+,高价值
U0043,女,46,二线,社交,3.0,469.901974235703,数码,46+,中价值
U0044,男,49,二线,线下,2.0,220.2437544347292,图书,46+,中价值
U0045,女,29,三线及以下,线下,2.0,154.59607723810888,数码,26-35,低价值
U0046,女,32,三线及以下,线下,6.0,997.4173312953267,运动,26-35,高价值
U0047,男,54,二线,短视频,3.0,524.1372824842863,数码,46+,中价值
U0048,女,44,新一线,短视频,2.0,303.0076907569422,食品,36-45,中价值
U0049,男,44,一线,搜索,3.0,291.64956157394874,图书,36-45,中价值
U0050,女,37,一线,社交,2.0,439.8468527644763,数码,36-45,中价值
U0051,男,22,三线及以下,短视频,0.0,0.0,未购买,18-25,未转化
U0052,女,46,新一线,短视频,3.0,807.9414499419208,图书,46+,高价值
U0053,女,32,三线及以下,转介绍,4.0,756.1066640005082,食品,26-35,高价值
U0054,女,29,新一线,线下,1.0,166.3473892377156,美妆,26-35,低价值
U0055,女,45,一线,转介绍,2.0,141.73469339054964,数码,36-45,低价值
U0056,男,36,新一线,短视频,1.0,108.41607031407544,运动,36-45,低价值
U0057,男,24,新一线,短视频,2.0,481.47356663543,美妆,18-25,中价值
U0058,女,51,一线,线下,3.0,247.85813060478517,美妆,46+,中价值
U0059,女,32,新一线,短视频,1.0,160.8326288820149,图书,26-35,低价值
U0060,男,49,三线及以下,转介绍,1.0,528.9449033465455,美妆,46+,中价值
U0061,女,33,新一线,短视频,1.0,53.72188628053095,美妆,26-35,低价值
U0062,女,29,二线,线下,0.0,0.0,未购买,26-35,未转化
U0063,女,48,三线及以下,转介绍,7.0,1278.2114491794953,数码,46+,高价值
U0064,女,51,新一线,线下,2.0,779.821287380546,图书,46+,高价值
U0065,男,29,二线,社交,0.0,0.0,未购买,26-35,未转化
U0066,男,33,三线及以下,转介绍,1.0,91.62869155984438,食品,26-35,低价值
U0067,女,39,二线,转介绍,1.0,64.44803054503399,数码,36-45,低价值
U0068,女,43,二线,短视频,5.0,964.3903023362541,图书,36-45,高价值
U0069,男,37,二线,转介绍,0.0,0.0,未购买,36-45,未转化
U0070,女,45,一线,社交,0.0,0.0,未购买,36-45,未转化
U0071,男,49,二线,短视频,3.0,508.6051505795239,图书,46+,中价值
U0072,女,33,三线及以下,线下,4.0,501.3696676352414,食品,26-35,中价值
U0073,男,50,三线及以下,搜索,1.0,259.02237908677745,数码,46+,中价值
U0074,男,49,二线,转介绍,2.0,309.6423476790519,图书,46+,中价值
U0075,男,55,新一线,转介绍,1.0,183.7281004368968,食品,46+,低价值
U0076,男,35,二线,转介绍,0.0,0.0,未购买,26-35,未转化
U0077,女,50,三线及以下,搜索,1.0,124.56026244757308,数码,46+,低价值
U0078,男,54,三线及以下,搜索,0.0,0.0,未购买,46+,未转化
U0079,女,53,新一线,社交,1.0,222.6824524144898,美妆,46+,中价值
U0080,女,53,三线及以下,短视频,1.0,35.94448231827892,图书,46+,低价值
U0081,女,32,二线,短视频,3.0,445.68798715522655,图书,26-35,中价值
U0082,男,52,三线及以下,搜索,3.0,685.9569871600206,数码,46+,高价值
U0083,女,34,一线,线下,4.0,701.3131024208983,数码,26-35,高价值
U0084,女,52,三线及以下,短视频,0.0,0.0,未购买,46+,未转化
U0085,女,48,二线,社交,6.0,928.8334264372614,运动,46+,高价值
U0086,男,23,一线,短视频,1.0,83.804621731236,美妆,18-25,低价值
U0087,女,22,二线,短视频,2.0,183.70053956853005,数码,18-25,低价值
U0088,男,42,一线,社交,0.0,0.0,未购买,36-45,未转化
U0089,男,27,二线,线下,3.0,387.1849602881965,运动,26-35,中价值
U0090,男,46,二线,转介绍,3.0,561.9673828960952,数码,46+,中价值
U0091,男,47,二线,社交,3.0,328.56853938302015,数码,46+,中价值
U0092,女,38,三线及以下,线下,1.0,232.8645348766706,美妆,36-45,中价值
U0093,男,47,二线,搜索,1.0,381.82142969825185,食品,46+,中价值
U0094,男,38,一线,社交,1.0,70.17188053125834,运动,36-45,低价值
U0095,男,39,二线,短视频,1.0,105.83431620233196,图书,36-45,低价值
U0096,男,25,二线,线下,2.0,243.10270896393166,数码,18-25,中价值
U0097,女,40,新一线,社交,2.0,227.57929557948418,食品,36-45,中价值
U0098,男,24,新一线,社交,1.0,342.81183018839585,食品,18-25,中价值
U0099,女,41,二线,转介绍,1.0,283.61173757968766,运动,36-45,中价值
U0100,男,47,三线及以下,社交,0.0,0.0,未购买,46+,未转化
U0101,男,47,三线及以下,社交,2.0,357.8567370491843,数码,46+,中价值
U0102,女,23,一线,线下,2.0,623.9514070233765,图书,18-25,高价值
U0103,男,47,新一线,搜索,0.0,0.0,未购买,46+,未转化
U0104,女,45,三线及以下,线下,4.0,463.75518286404656,运动,36-45,中价值
U0105,男,23,二线,短视频,3.0,253.3752893703165,数码,18-25,中价值
U0106,女,20,三线及以下,线下,1.0,206.46634225984747,运动,18-25,中价值
U0107,男,42,二线,转介绍,3.0,298.3666371625978,美妆,36-45,中价值
U0108,男,33,新一线,社交,1.0,33.189263617170226,图书,26-35,低价值
U0109,男,36,二线,社交,5.0,1055.8672527696217,运动,36-45,高价值
U0110,女,18,二线,搜索,5.0,896.0207187126607,数码,18-25,高价值
U0111,男,27,三线及以下,线下,2.0,373.461505106605,美妆,26-35,中价值
U0112,女,43,新一线,短视频,2.0,283.84987786455065,图书,36-45,中价值
U0113,男,42,新一线,转介绍,0.0,0.0,未购买,36-45,未转化
U0114,女,29,二线,线下,3.0,287.52407284700865,食品,26-35,中价值
U0115,女,31,新一线,转介绍,2.0,304.7673180114027,运动,26-35,中价值
U0116,女,35,二线,转介绍,4.0,669.2099598843977,图书,26-35,高价值
U0117,女,30,三线及以下,转介绍,1.0,120.16651505597814,食品,26-35,低价值
U0118,女,28,二线,转介绍,1.0,80.98826045211183,数码,26-35,低价值
U0119,女,29,二线,转介绍,4.0,885.0509457216712,运动,26-35,高价值
U0120,女,37,三线及以下,转介绍,2.0,283.81880041553427,图书,36-45,中价值
U0121,男,39,二线,社交,2.0,217.84330106687395,图书,36-45,中价值
U0122,男,42,三线及以下,社交,2.0,151.38137026258482,美妆,36-45,低价值
U0123,女,27,二线,短视频,3.0,591.150209696769,食品,26-35,中价值
U0124,女,24,二线,转介绍,2.0,262.1977054816953,图书,18-25,中价值
U0125,女,29,新一线,搜索,3.0,745.8179632971885,美妆,26-35,高价值
U0126,女,47,新一线,转介绍,0.0,0.0,未购买,46+,未转化
U0127,男,49,二线,社交,1.0,267.7218368203831,图书,46+,中价值
U0128,男,47,一线,社交,1.0,55.99413740914114,图书,46+,低价值
U0129,女,32,一线,社交,0.0,0.0,未购买,26-35,未转化
U0130,女,53,二线,搜索,6.0,1009.5071460620769,图书,46+,高价值
U0131,男,39,二线,社交,1.0,80.36563705498226,数码,36-45,低价值
U0132,男,32,一线,搜索,5.0,684.4004004949659,图书,26-35,高价值
U0133,男,40,一线,转介绍,3.0,588.1369552362972,图书,36-45,中价值
U0134,男,51,二线,线下,3.0,292.20718814038526,数码,46+,中价值
U0135,女,34,新一线,线下,0.0,0.0,未购买,26-35,未转化
U0136,男,21,二线,转介绍,3.0,751.3687217257618,美妆,18-25,高价值
U0137,男,29,一线,搜索,2.0,407.2724577445307,食品,26-35,中价值
U0138,男,55,三线及以下,社交,4.0,611.2344916433761,图书,46+,高价值
U0139,女,35,新一线,转介绍,3.0,375.4248558587795,美妆,26-35,中价值
U0140,男,26,新一线,转介绍,4.0,830.1070292497812,图书,26-35,高价值
U0141,男,51,新一线,社交,5.0,486.14111369374007,数码,46+,中价值
U0142,女,32,二线,社交,0.0,0.0,未购买,26-35,未转化
U0143,女,30,三线及以下,搜索,3.0,709.4705054646215,图书,26-35,高价值
U0144,女,21,新一线,线下,3.0,613.0288443581554,运动,18-25,高价值
U0145,男,53,一线,线下,1.0,282.6584327729538,美妆,46+,中价值
U0146,女,49,一线,搜索,4.0,815.371015890268,图书,46+,高价值
U0147,女,32,二线,线下,2.0,160.57039663736816,美妆,26-35,低价值
U0148,女,36,新一线,线下,2.0,326.23117889701894,图书,36-45,中价值
U0149,女,27,三线及以下,社交,5.0,553.716224164355,运动,26-35,中价值
U0150,女,54,一线,搜索,2.0,231.8401373796322,运动,46+,中价值
U0151,男,52,二线,社交,1.0,181.1773719579113,图书,46+,低价值
U0152,女,23,二线,短视频,1.0,345.01167828675506,图书,18-25,中价值
U0153,男,27,二线,短视频,1.0,78.63699930004428,数码,26-35,低价值
U0154,女,51,新一线,社交,1.0,272.61706048029976,运动,46+,中价值
U0155,男,26,三线及以下,短视频,2.0,413.78252872263806,美妆,26-35,中价值
U0156,女,31,二线,线下,5.0,825.9983567107157,运动,26-35,高价值
U0157,男,48,三线及以下,转介绍,0.0,0.0,未购买,46+,未转化
U0158,女,26,新一线,转介绍,1.0,439.96261500477056,美妆,26-35,中价值
U0159,女,50,二线,线下,1.0,344.8030232200688,运动,46+,中价值
U0160,男,42,二线,社交,3.0,336.8123866997107,运动,36-45,中价值
U0161,女,25,三线及以下,社交,5.0,643.2736101081346,数码,18-25,高价值
U0162,女,19,一线,转介绍,4.0,736.2886668832981,数码,18-25,高价值
U0163,女,24,三线及以下,社交,0.0,0.0,未购买,18-25,未转化
U0164,男,37,二线,短视频,2.0,327.71984326355437,运动,36-45,中价值
U0165,女,54,三线及以下,转介绍,1.0,201.51960266231745,食品,46+,中价值
U0166,女,35,二线,社交,6.0,1001.0118531133642,食品,26-35,高价值
U0167,男,22,新一线,线下,7.0,1743.3763167727507,美妆,18-25,高价值
U0168,女,19,三线及以下,社交,5.0,582.0095919159503,运动,18-25,中价值
U0169,女,25,新一线,社交,5.0,610.8054561409987,运动,18-25,高价值
U0170,女,34,一线,搜索,3.0,551.1037104234216,数码,26-35,中价值
U0171,女,34,二线,转介绍,1.0,169.41084010214018,数码,26-35,低价值
U0172,女,29,三线及以下,搜索,0.0,0.0,未购买,26-35,未转化
U0173,男,41,三线及以下,转介绍,4.0,374.6012740202001,美妆,36-45,中价值
U0174,男,27,新一线,转介绍,2.0,364.61523666511494,美妆,26-35,中价值
U0175,男,27,二线,搜索,0.0,0.0,未购买,26-35,未转化
U0176,女,53,二线,搜索,1.0,88.73201864554218,食品,46+,低价值
U0177,男,38,新一线,转介绍,0.0,0.0,未购买,36-45,未转化
U0178,女,40,二线,线下,3.0,861.5764605931081,美妆,36-45,高价值
U0179,男,39,三线及以下,短视频,5.0,971.0480001378979,图书,36-45,高价值
U0180,女,23,新一线,线下,4.0,748.0965143533017,图书,18-25,高价值
U0181,男,40,新一线,线下,1.0,265.62874022351406,美妆,36-45,中价值
U0182,男,46,二线,短视频,2.0,284.7302323618697,图书,46+,中价值
U0183,男,19,三线及以下,线下,1.0,62.23848293481104,运动,18-25,低价值
U0184,男,32,二线,短视频,3.0,361.61490375196644,数码,26-35,中价值
U0185,女,28,三线及以下,搜索,4.0,621.4962054933045,运动,26-35,高价值
U0186,男,40,三线及以下,搜索,2.0,518.8537664856264,图书,36-45,中价值
U0187,男,52,二线,线下,3.0,334.5247310782212,美妆,46+,中价值
U0188,女,32,二线,搜索,1.0,339.7119522401685,食品,26-35,中价值
U0189,男,20,一线,搜索,1.0,35.070051504662274,食品,18-25,低价值
U0190,女,42,新一线,线下,0.0,0.0,未购买,36-45,未转化
U0191,女,29,三线及以下,搜索,3.0,309.6021717935629,美妆,26-35,中价值
U0192,女,43,新一线,转介绍,4.0,196.42364959875198,图书,36-45,低价值
U0193,女,23,新一线,社交,2.0,132.13476074778373,美妆,18-25,低价值
U0194,男,28,一线,短视频,3.0,712.0307867593119,美妆,26-35,高价值
U0195,男,32,新一线,短视频,1.0,328.1820322945291,食品,26-35,中价值
U0196,女,49,二线,社交,2.0,340.8589555918919,图书,46+,中价值
U0197,男,38,三线及以下,线下,2.0,518.7091665480501,数码,36-45,中价值
U0198,女,41,新一线,转介绍,2.0,104.98102697881475,数码,36-45,低价值
U0199,女,44,三线及以下,社交,4.0,649.998354393524,图书,36-45,高价值
U0200,女,41,一线,搜索,2.0,225.9729558056082,数码,36-45,中价值
U0201,男,51,三线及以下,线下,1.0,135.28758669642744,美妆,46+,低价值
U0202,男,26,三线及以下,短视频,5.0,647.6199088667635,图书,26-35,高价值
U0203,女,42,二线,短视频,1.0,148.37346427535158,运动,36-45,低价值
U0204,男,27,新一线,转介绍,1.0,217.96604570499832,图书,26-35,中价值
U0205,男,39,三线及以下,社交,5.0,915.6270595579268,图书,36-45,高价值
U0206,男,33,新一线,短视频,1.0,76.90796341126074,数码,26-35,低价值
U0207,女,52,三线及以下,转介绍,1.0,46.43433993154434,运动,46+,低价值
U0208,女,19,三线及以下,社交,4.0,901.063076291883,食品,18-25,高价值
U0209,男,38,三线及以下,转介绍,1.0,186.89986719743754,图书,36-45,低价值
U0210,男,20,三线及以下,社交,2.0,515.082055177634,数码,18-25,中价值
U0211,女,31,二线,线下,3.0,321.4922808980023,数码,26-35,中价值
U0212,女,43,二线,短视频,4.0,334.7531977514913,食品,36-45,中价值
U0213,女,27,二线,线下,5.0,1047.7173033625604,美妆,26-35,高价值
U0214,女,30,新一线,转介绍,2.0,301.0396416347454,美妆,26-35,中价值
U0215,女,43,三线及以下,搜索,4.0,428.46718667921107,数码,36-45,中价值
U0216,女,45,一线,线下,4.0,607.3792760275555,数码,36-45,高价值
U0217,女,42,新一线,短视频,1.0,93.5070844546681,食品,36-45,低价值
U0218,男,20,三线及以下,社交,1.0,58.0357913275793,数码,18-25,低价值
U0219,男,30,三线及以下,线下,4.0,605.0837471404984,数码,26-35,高价值
U0220,女,46,新一线,社交,2.0,452.5059973814821,数码,46+,中价值
U0221,女,50,三线及以下,搜索,3.0,826.5082945755545,美妆,46+,高价值
U0222,女,26,三线及以下,线下,1.0,351.5973437476811,美妆,26-35,中价值
U0223,男,33,二线,转介绍,0.0,0.0,未购买,26-35,未转化
U0224,女,51,二线,线下,1.0,158.56138085957664,运动,46+,低价值
U0225,女,22,新一线,社交,2.0,403.64182063933333,图书,18-25,中价值
U0226,女,52,一线,搜索,4.0,485.47928144104463,图书,46+,中价值
U0227,男,32,新一线,社交,2.0,613.2293544440956,数码,26-35,高价值
U0228,男,44,新一线,短视频,4.0,631.0970141406798,运动,36-45,高价值
U0229,女,34,一线,社交,3.0,190.51169636562935,图书,26-35,低价值
U0230,男,32,一线,线下,5.0,1144.2591752001586,图书,26-35,高价值
U0231,女,32,新一线,社交,1.0,77.82633803511918,图书,26-35,低价值
U0232,女,18,二线,搜索,0.0,0.0,未购买,18-25,未转化
U0233,男,52,二线,线下,1.0,169.2711191227845,食品,46+,低价值
U0234,男,46,二线,线下,5.0,486.8204092023114,美妆,46+,中价值
U0235,女,53,二线,转介绍,1.0,202.41174231442682,数码,46+,中价值
U0236,女,39,三线及以下,搜索,4.0,743.8157526492478,数码,36-45,高价值
U0237,女,54,三线及以下,转介绍,1.0,378.26912629929296,美妆,46+,中价值
U0238,男,21,新一线,搜索,0.0,0.0,未购买,18-25,未转化
U0239,女,31,二线,转介绍,7.0,1114.0606916997099,运动,26-35,高价值
U0240,女,39,三线及以下,短视频,2.0,436.73419246493916,数码,36-45,中价值
U0241,男,36,一线,搜索,1.0,96.52862697890363,美妆,36-45,低价值
U0242,男,18,二线,线下,1.0,20.0,美妆,18-25,低价值
U0243,男,21,二线,转介绍,0.0,0.0,未购买,18-25,未转化
U0244,女,35,新一线,线下,3.0,574.6460123183176,美妆,26-35,中价值
U0245,女,49,二线,短视频,0.0,0.0,未购买,46+,未转化
U0246,女,41,三线及以下,线下,2.0,331.8448825921913,数码,36-45,中价值
U0247,女,28,二线,线下,3.0,649.9535336986311,数码,26-35,高价值
U0248,女,48,二线,搜索,6.0,1183.4318473347066,数码,46+,高价值
U0249,女,51,二线,搜索,0.0,0.0,未购买,46+,未转化
U0250,女,29,二线,短视频,1.0,269.6655492704342,美妆,26-35,中价值
U0251,男,52,新一线,转介绍,3.0,543.8831801640501,图书,46+,中价值
U0252,女,26,一线,短视频,1.0,50.31656577533832,图书,26-35,低价值
U0253,女,39,三线及以下,搜索,3.0,243.407955512696,图书,36-45,中价值
U0254,男,30,二线,搜索,2.0,139.50192976099962,数码,26-35,低价值
U0255,男,45,新一线,线下,2.0,141.06833578098542,食品,36-45,低价值
U0256,男,20,新一线,线下,7.0,1321.6549554808096,美妆,18-25,高价值
U0257,女,20,新一线,短视频,3.0,575.4362937632927,美妆,18-25,中价值
U0258,男,53,二线,社交,2.0,262.43679192350857,图书,46+,中价值
U0259,男,24,二线,社交,4.0,707.9993700940295,运动,18-25,高价值
U0260,女,51,新一线,短视频,1.0,50.128899601017764,运动,46+,低价值
U0261,男,43,一线,搜索,1.0,153.8361567653678,图书,36-45,低价值
U0262,女,40,三线及以下,短视频,1.0,254.9565740451831,运动,36-45,中价值
U0263,女,45,一线,搜索,2.0,188.94528277048258,图书,36-45,低价值
U0264,男,20,三线及以下,线下,4.0,247.76826625054244,图书,18-25,中价值
U0265,男,19,一线,线下,1.0,348.6795825835986,美妆,18-25,中价值
U0266,女,21,二线,转介绍,4.0,1125.9087640220214,食品,18-25,高价值
U0267,女,18,三线及以下,社交,1.0,133.41031440680123,图书,18-25,低价值
U0268,女,53,二线,线下,2.0,219.01383127281264,美妆,46+,中价值
U0269,男,35,二线,转介绍,1.0,85.77708090182375,美妆,26-35,低价值
U0270,女,22,一线,社交,1.0,187.16280858146217,运动,18-25,低价值
U0271,女,29,三线及以下,转介绍,2.0,478.6053232046246,数码,26-35,中价值
U0272,男,23,二线,社交,2.0,173.7153764963055,数码,18-25,低价值
U0273,男,52,三线及以下,社交,2.0,264.17189658610823,图书,46+,中价值
U0274,男,47,三线及以下,短视频,3.0,932.0495038113702,食品,46+,高价值
U0275,女,18,二线,转介绍,1.0,289.28262869638684,图书,18-25,中价值
U0276,男,29,三线及以下,社交,4.0,738.3438091852653,图书,26-35,高价值
U0277,女,42,三线及以下,转介绍,0.0,0.0,未购买,36-45,未转化
U0278,女,33,二线,线下,2.0,539.094366973318,数码,26-35,中价值
U0279,女,26,二线,短视频,3.0,625.8328390611618,食品,26-35,高价值
U0280,女,33,二线,短视频,4.0,1080.9325698435034,食品,26-35,高价值
U0281,男,34,二线,短视频,0.0,0.0,未购买,26-35,未转化
U0282,女,44,二线,短视频,3.0,395.4349277414904,美妆,36-45,中价值
U0283,女,39,二线,社交,2.0,195.8607245290049,图书,36-45,低价值
U0284,男,35,一线,线下,0.0,0.0,未购买,26-35,未转化
U0285,男,41,一线,搜索,2.0,329.4855540108354,数码,36-45,中价值
U0286,男,48,新一线,社交,0.0,0.0,未购买,46+,未转化
U0287,男,21,新一线,短视频,1.0,111.73502430477562,运动,18-25,低价值
U0288,男,36,二线,转介绍,4.0,598.1373799503484,美妆,36-45,中价值
U0289,女,46,三线及以下,转介绍,2.0,504.85143281092985,图书,46+,中价值
U0290,男,29,新一线,线下,2.0,279.9858938904319,数码,26-35,中价值
U0291,女,50,三线及以下,搜索,2.0,289.30135770417434,美妆,46+,中价值
U0292,女,25,新一线,线下,3.0,311.40938756352944,运动,18-25,中价值
U0293,男,19,二线,线下,2.0,247.35966859409,图书,18-25,中价值
U0294,女,46,一线,转介绍,2.0,290.6434841545459,图书,46+,中价值
U0295,男,47,二线,线下,4.0,621.7962577742269,食品,46+,高价值
U0296,女,26,二线,线下,2.0,390.94224204789583,数码,26-35,中价值
U0297,女,55,三线及以下,社交,1.0,136.589450322995,食品,46+,低价值
U0298,女,41,一线,线下,6.0,1015.1557015148439,美妆,36-45,高价值
U0299,女,19,二线,短视频,3.0,480.5752859999195,数码,18-25,中价值
U0300,男,40,三线及以下,线下,1.0,335.51419339304715,美妆,36-45,中价值
