user_id,gender,age,city_tier,channel
U0001,女,53,三线及以下,转介绍
U0002,男,46,一线,线下
U0003,女,36,新一线,社交
U0004,女,30,二线,搜索
U0005,女,51,新一线,线下
U0006,男,18,一线,转介绍
U0007,男,45,三线及以下,转介绍
U0008,女,38,二线,社交
U0009,男,36,新一线,线下
U0010,女,25,一线,搜索
U0011,男,28,三线及以下,转介绍
U0012,男,30,二线,搜索
U0013,男,19,三线及以下,线下
U0014,男,39,二线,线下
U0015,女,39,新一线,短视频
U0016,男,32,一线,转介绍
U0017,女,52,新一线,搜索
U0018,女,35,二线,转介绍
U0019,女,20,一线,社交
U0020,女,19,新一线,线下
U0021,女,31,新一线,搜索
U0022,女,24,二线,转介绍
U0023,男,50,新一线,搜索
U0024,女,49,三线及以下,转介绍
U0025,女,54,新一线,社交
U0026,女,37,三线及以下,短视频
U0027,女,36,三线及以下,线下
U0028,男,51,三线及以下,线下
U0029,女,42,新一线,短视频
U0030,女,50,三线及以下,转介绍
U0031,女,25,新一线,线下
U0032,男,25,新一线,短视频
U0033,男,20,一线,搜索
U0034,男,33,二线,社交
U0035,女,47,一线,短视频
U0036,男,37,三线及以下,转介绍
U0037,男,38,一线,短视频
U0038,女,21,二线,搜索
U0039,男,22,三线及以下,社交
U0040,女,21,一线,短视频
U0041,男,31,二线,搜索
U0042,女,49,二线,转介绍
U0043,女,46,二线,社交
U0044,男,49,二线,线下
U0045,女,29,三线及以下,线下
U0046,女,32,三线及以下,线下
U0047,男,54,二线,短视频
U0048,女,44,新一线,短视频
U0049,男,44,一线,搜索
U0050,女,37,一线,社交
U0051,男,22,三线及以下,短视频
U0052,女,46,新一线,短视频
U0053,女,32,三线及以下,转介绍
U0054,女,29,新一线,线下
U0055,女,45,一线,转介绍
U0056,男,36,新一线,短视频
U0057,男,24,新一线,短视频
U0058,女,51,一线,线下
U0059,女,32,新一线,短视频
U0060,男,49,三线及以下,转介绍
U0061,女,33,新一线,短视频
U0062,女,29,二线,线下
U0063,女,48,三线及以下,转介绍
U0064,女,51,新一线,线下
U0065,男,29,二线,社交
U0066,男,33,三线及以下,转介绍
U0067,女,39,二线,转介绍
U0068,女,43,二线,短视频
U0069,男,37,二线,转介绍
U0070,女,45,一线,社交
U0071,男,49,二线,短视频
U0072,女,33,三线及以下,线下
U0073,男,50,三线及以下,搜索
U0074,男,49,二线,转介绍
U0075,男,55,新一线,转介绍
U0076,男,35,二线,转介绍
U0077,女,50,三线及以下,搜索
U0078,男,54,三线及以下,搜索
U0079,女,53,新一线,社交
U0080,女,53,三线及以下,短视频
U0081,女,32,二线,短视频
U0082,男,52,三线及以下,搜索
U0083,女,34,一线,线下
U0084,女,52,三线及以下,短视频
U0085,女,48,二线,社交
U0086,男,23,一线,短视频
U0087,女,22,二线,短视频
U0088,男,42,一线,社交
U0089,男,27,二线,线下
U0090,男,46,二线,转介绍
U0091,男,47,二线,社交
U0092,女,38,三线及以下,线下
U0093,男,47,二线,搜索
U0094,男,38,一线,社交
U0095,男,39,二线,短视频
U0096,男,25,二线,线下
U0097,女,40,新一线,社交
U0098,男,24,新一线,社交
U0099,女,41,二线,转介绍
U0100,男,47,三线及以下,社交
U0101,男,47,三线及以下,社交
U0102,女,23,一线,线下
U0103,男,47,新一线,搜索
U0104,女,45,三线及以下,线下
U0105,男,23,二线,短视频
U0106,女,20,三线及以下,线下
U0107,男,42,二线,转介绍
U0108,男,33,新一线,社交
U0109,男,36,二线,社交
U0110,女,18,二线,搜索
U0111,男,27,三线及以下,线下
U0112,女,43,新一线,短视频
U0113,男,42,新一线,转介绍
U0114,女,29,二线,线下
U0115,女,31,新一线,转介绍
U0116,女,35,二线,转介绍
U0117,女,30,三线及以下,转介绍
U0118,女,28,二线,转介绍
U0119,女,29,二线,转介绍
U0120,女,37,三线及以下,转介绍
U0121,男,39,二线,社交
U0122,男,42,三线及以下,社交
U0123,女,27,二线,短视频
U0124,女,24,二线,转介绍
U0125,女,29,新一线,搜索
U0126,女,47,新一线,转介绍
U0127,男,49,二线,社交
U0128,男,47,一线,社交
U0129,女,32,一线,社交
U0130,女,53,二线,搜索
U0131,男,39,二线,社交
U0132,男,32,一线,搜索
U0133,男,40,一线,转介绍
U0134,男,51,二线,线下
U0135,女,34,新一线,线下
U0136,男,21,二线,转介绍
U0137,男,29,一线,搜索
U0138,男,55,三线及以下,社交
U0139,女,35,新一线,转介绍
U0140,男,26,新一线,转介绍
U0141,男,51,新一线,社交
U0142,女,32,二线,社交
U0143,女,30,三线及以下,搜索
U0144,女,21,新一线,线下
U0145,男,53,一线,线下
U0146,女,49,一线,搜索
U0147,女,32,二线,线下
U0148,女,36,新一线,线下
U0149,女,27,三线及以下,社交
U0150,女,54,一线,搜索
U0151,男,52,二线,社交
U0152,女,23,二线,短视频
U0153,男,27,二线,短视频
U0154,女,51,新一线,社交
U0155,男,26,三线及以下,短视频
U0156,女,31,二线,线下
U0157,男,48,三线及以下,转介绍
U0158,女,26,新一线,转介绍
U0159,女,50,二线,线下
U0160,男,42,二线,社交
U0161,女,25,三线及以下,社交
U0162,女,19,一线,转介绍
U0163,女,24,三线及以下,社交
U0164,男,37,二线,短视频
U0165,女,54,三线及以下,转介绍
U0166,女,35,二线,社交
U0167,男,22,新一线,线下
U0168,女,19,三线及以下,社交
U0169,女,25,新一线,社交
U0170,女,34,一线,搜索
U0171,女,34,二线,转介绍
U0172,女,29,三线及以下,搜索
U0173,男,41,三线及以下,转介绍
U0174,男,27,新一线,转介绍
U0175,男,27,二线,搜索
U0176,女,53,二线,搜索
U0177,男,38,新一线,转介绍
U0178,女,40,二线,线下
U0179,男,39,三线及以下,短视频
U0180,女,23,新一线,线下
U0181,男,40,新一线,线下
U0182,男,46,二线,短视频
U0183,男,19,三线及以下,线下
U0184,男,32,二线,短视频
U0185,女,28,三线及以下,搜索
U0186,男,40,三线及以下,搜索
U0187,男,52,二线,线下
U0188,女,32,二线,搜索
U0189,男,20,一线,搜索
U0190,女,42,新一线,线下
U0191,女,29,三线及以下,搜索
U0192,女,43,新一线,转介绍
U0193,女,23,新一线,社交
U0194,男,28,一线,短视频
U0195,男,32,新一线,短视频
U0196,女,49,二线,社交
U0197,男,38,三线及以下,线下
U0198,女,41,新一线,转介绍
U0199,女,44,三线及以下,社交
U0200,女,41,一线,搜索
U0201,男,51,三线及以下,线下
U0202,男,26,三线及以下,短视频
U0203,女,42,二线,短视频
U0204,男,27,新一线,转介绍
U0205,男,39,三线及以下,社交
U0206,男,33,新一线,短视频
U0207,女,52,三线及以下,转介绍
U0208,女,19,三线及以下,社交
U0209,男,38,三线及以下,转介绍
U0210,男,20,三线及以下,社交
U0211,女,31,二线,线下
U0212,女,43,二线,短视频
U0213,女,27,二线,线下
U0214,女,30,新一线,转介绍
U0215,女,43,三线及以下,搜索
U0216,女,45,一线,线下
U0217,女,42,新一线,短视频
U0218,男,20,三线及以下,社交
U0219,男,30,三线及以下,线下
U0220,女,46,新一线,社交
U0221,女,50,三线及以下,搜索
U0222,女,26,三线及以下,线下
U0223,男,33,二线,转介绍
U0224,女,51,二线,线下
U0225,女,22,新一线,社交
U0226,女,52,一线,搜索
U0227,男,32,新一线,社交
U0228,男,44,新一线,短视频
U0229,女,34,一线,社交
U0230,男,32,一线,线下
U0231,女,32,新一线,社交
U0232,女,18,二线,搜索
U0233,男,52,二线,线下
U0234,男,46,二线,线下
U0235,女,53,二线,转介绍
U0236,女,39,三线及以下,搜索
U0237,女,54,三线及以下,转介绍
U0238,男,21,新一线,搜索
U0239,女,31,二线,转介绍
U0240,女,39,三线及以下,短视频
U0241,男,36,一线,搜索
U0242,男,18,二线,线下
U0243,男,21,二线,转介绍
U0244,女,35,新一线,线下
U0245,女,49,二线,短视频
U0246,女,41,三线及以下,线下
U0247,女,28,二线,线下
U0248,女,48,二线,搜索
U0249,女,51,二线,搜索
U0250,女,29,二线,短视频
U0251,男,52,新一线,转介绍
U0252,女,26,一线,短视频
U0253,女,39,三线及以下,搜索
U0254,男,30,二线,搜索
U0255,男,45,新一线,线下
U0256,男,20,新一线,线下
U0257,女,20,新一线,短视频
U0258,男,53,二线,社交
U0259,男,24,二线,社交
U0260,女,51,新一线,短视频
U0261,男,43,一线,搜索
U0262,女,40,三线及以下,短视频
U0263,女,45,一线,搜索
U0264,男,20,三线及以下,线下
U0265,男,19,一线,线下
U0266,女,21,二线,转介绍
U0267,女,18,三线及以下,社交
U0268,女,53,二线,线下
U0269,男,35,二线,转介绍
U0270,女,22,一线,社交
U0271,女,29,三线及以下,转介绍
U0272,男,23,二线,社交
U0273,男,52,三线及以下,社交
U0274,男,47,三线及以下,短视频
U0275,女,18,二线,转介绍
U0276,男,29,三线及以下,社交
U0277,女,42,三线及以下,转介绍
U0278,女,33,二线,线下
U0279,女,26,二线,短视频
U0280,女,33,二线,短视频
U0281,男,34,二线,短视频
U0282,女,44,二线,短视频
U0283,女,39,二线,社交
U0284,男,35,一线,线下
U0285,男,41,一线,搜索
U0286,男,48,新一线,社交
U0287,男,21,新一线,短视频
U0288,男,36,二线,转介绍
U0289,女,46,三线及以下,转介绍
U0290,男,29,新一线,线下
U0291,女,50,三线及以下,搜索
U0292,女,25,新一线,线下
U0293,男,19,二线,线下
U0294,女,46,一线,转介绍
U0295,男,47,二线,线下
U0296,女,26,二线,线下
U0297,女,55,三线及以下,社交
U0298,女,41,一线,线下
U0299,女,19,二线,短视频
U0300,男,40,三线及以下,线下
