month,sales,trend,month_no,seasonal_index,seasonal,deseasonalized,residual
2023-01-01,437.79257069557883,457.15523818672085,1,0.9576453119777367,0.8904190721629884,491.67025323491976,30.73282767490889
2023-02-01,455.7874245105003,493.3139734679444,2,0.923929685807121,0.8731221063155007,522.0202549147261,25.06408892129963
2023-03-01,477.88571935408334,515.1124864664107,3,0.9277308003778029,0.9531238900771369,501.3888795877394,-13.080297574088604
2023-04-01,601.790179311615,530.8308504576519,4,1.1336759700247,1.083021046430875,555.6588039492223,26.88919617117756
2023-05-01,602.3065384602758,553.7734680006441,5,1.0876406568101873,1.0445080733415903,576.6413432625529,23.88568033123215
2023-06-01,609.4226704138579,572.6534622985286,6,1.0642084795362003,1.085237003246436,561.5572161572065,-12.042056909693201
2023-07-01,575.4482759535323,593.6567609958944,7,0.9693282613141366,0.9736855648428357,591.000110026707,-2.5867426995234837
2023-08-01,569.0673902978067,603.9051088061492,8,0.9423125951406295,0.9282455892971115,613.0569289628592,8.495136694506414
2023-09-01,603.9055115382786,629.4619546037648,9,0.9593995429293681,0.968133403323193,623.7833644261484,-5.497632834733395
2023-10-01,663.2802661731441,668.2506100188756,10,0.992562155916938,1.0204138999624555,650.011006511719,-18.611944948506675
2023-11-01,755.6476132459694,667.635681279375,11,1.1318262855543297,1.0895332406042557,693.5516834960325,28.236345878621933
2023-12-01,842.1546029045227,665.3369875063017,12,1.2657564793758684,1.217443713466315,691.7400727354644,32.144270128359494
2024-01-01,571.7587035165286,674.9170117556951,1,0.8471540849580668,0.8904190721629884,642.1231545811611,-29.20027587799416
2024-02-01,555.2752276593674,677.0953577428924,2,0.8200842337929857,0.8731221063155007,635.9651458174395,-35.911697269554224
2024-03-01,661.385657034638,668.8927781096919,3,0.9887767945465502,0.9531238900771369,693.9136285641856,23.847970318225293
2024-04-01,676.3503420963278,657.0655584665682,4,1.0293498622493098,1.083021046430875,624.5034150769818,-35.26548660782203
2024-05-01,706.4321354467671,679.9216167505846,5,1.0389905513269,1.0445080733415903,676.3299906210867,-3.7514824886851557
2024-06-01,771.1912850457799,694.5484233208654,6,1.1103491983445297,1.085237003246436,710.6201527765796,17.441635511506888
2024-07-01,708.8950532206272,705.5901797901374,7,1.0046838427250684,0.9736855648428357,728.0533663195995,21.872080464109217
2024-08-01,643.0360670810517,730.7760235987859,8,0.8799359123939928,0.9282455892971115,692.7434662716502,-35.30355358860322
2024-09-01,727.6361958502703,759.6314433260312,9,0.9578805646384642,0.968133403323193,751.5867062871735,-7.788378648269486
2024-10-01,827.465404948219,796.1340474658699,10,1.0393543745328795,1.0204138999624555,810.9115379344247,15.079156680676078
2024-11-01,879.5646538102396,795.4982047653262,11,1.1056777357149576,1.0895332406042557,807.2857449694997,12.842916877405969
2024-12-01,990.2069098848116,807.8879940557089,12,1.2256735056970418,1.217443713466315,813.3492324384238,6.648750336777198
2025-01-01,705.0799970173662,813.7499380881355,1,0.8664578195531616,0.8904190721629884,791.851858366645,-19.498467827760805
2025-02-01,717.3748028233464,819.5268595356487,2,0.8753523993463953,0.8731221063155007,821.6202494867592,1.827785043453332
2025-03-01,762.8078600448308,809.0326909490227,3,0.9428640753070576,0.9531238900771369,800.3239326873826,-8.300525552075783
2025-04-01,862.1269336332978,793.8281015410093,4,1.0860373070186153,1.083021046430875,796.0389472341838,2.39439241611899
2025-05-01,816.599642290484,811.0093452327715,5,1.0068930118876842,1.0445080733415903,781.8030928933065,-30.506166360622842
2025-06-01,898.9793734367306,831.5003496232331,6,1.0811533318585775,1.085237003246436,828.371471620923,-3.3955741867506504
2025-07-01,808.167459167939,853.3573469337799,7,0.9470445904893022,0.9736855648428357,830.0086684538521,-22.734271194062217
2025-08-01,840.3208291661173,873.0712506090016,8,0.9624882603567124,0.9282455892971115,905.2785586650912,29.896291646198392
2025-09-01,893.9498439081111,905.6140602679001,9,0.9871201024017467,0.968133403323193,923.3746515093467,17.1946216436138
2025-10-01,980.4103556846276,952.4787548140404,10,1.0293251694375487,1.0204138999624555,960.7967470069746,8.487794853449259
2025-11-01,1011.8565002438747,981.3410139432606,11,1.0310957005434795,1.0895332406042557,928.7064061328671,-57.34715481559215
2025-12-01,1180.1675407135726,1016.5960601375465,12,1.1609011553260347,1.217443713466315,969.3816047999383,-57.48094183550711
